filename,sequence,drive_id,bytes,mb,captured_utc,captured_local_cdt,session,session_night,session_label,view_url,download_url,thumbnail_url
IMG_1911.JPG,1911,1Pt1gTDfbjccta-2hwKERzNfUvsPuKeo5,5620020,5.36,2024-09-28T06:09:43Z,2024-09-28 01:09:43,A,2024-09-27,Friday night,https://drive.google.com/file/d/1Pt1gTDfbjccta-2hwKERzNfUvsPuKeo5/view,https://drive.google.com/uc?export=download&id=1Pt1gTDfbjccta-2hwKERzNfUvsPuKeo5,https://drive.google.com/thumbnail?id=1Pt1gTDfbjccta-2hwKERzNfUvsPuKeo5&sz=w1200
IMG_1912.JPG,1912,1zJiHkB9BTh9EmPMOlal0nkA86-rhGlHN,6275803,5.99,2024-09-28T06:09:47Z,2024-09-28 01:09:47,A,2024-09-27,Friday night,https://drive.google.com/file/d/1zJiHkB9BTh9EmPMOlal0nkA86-rhGlHN/view,https://drive.google.com/uc?export=download&id=1zJiHkB9BTh9EmPMOlal0nkA86-rhGlHN,https://drive.google.com/thumbnail?id=1zJiHkB9BTh9EmPMOlal0nkA86-rhGlHN&sz=w1200
IMG_1913.JPG,1913,1wUqD57H9Nx5hFARhQZf21JbKgQ-jJHed,6104132,5.82,2024-09-28T06:09:50Z,2024-09-28 01:09:50,A,2024-09-27,Friday night,https://drive.google.com/file/d/1wUqD57H9Nx5hFARhQZf21JbKgQ-jJHed/view,https://drive.google.com/uc?export=download&id=1wUqD57H9Nx5hFARhQZf21JbKgQ-jJHed,https://drive.google.com/thumbnail?id=1wUqD57H9Nx5hFARhQZf21JbKgQ-jJHed&sz=w1200
IMG_1914.JPG,1914,1XWlahvC8GH4FYrbh0ri8XXp30Qr-Ibv9,6070928,5.79,2024-09-28T06:09:55Z,2024-09-28 01:09:55,A,2024-09-27,Friday night,https://drive.google.com/file/d/1XWlahvC8GH4FYrbh0ri8XXp30Qr-Ibv9/view,https://drive.google.com/uc?export=download&id=1XWlahvC8GH4FYrbh0ri8XXp30Qr-Ibv9,https://drive.google.com/thumbnail?id=1XWlahvC8GH4FYrbh0ri8XXp30Qr-Ibv9&sz=w1200
IMG_1915.JPG,1915,1zWaoy3hITQ3Q7hljSHFNUucsxqSxALSh,5600246,5.34,2024-09-28T06:09:57Z,2024-09-28 01:09:57,A,2024-09-27,Friday night,https://drive.google.com/file/d/1zWaoy3hITQ3Q7hljSHFNUucsxqSxALSh/view,https://drive.google.com/uc?export=download&id=1zWaoy3hITQ3Q7hljSHFNUucsxqSxALSh,https://drive.google.com/thumbnail?id=1zWaoy3hITQ3Q7hljSHFNUucsxqSxALSh&sz=w1200
IMG_1916.JPG,1916,1N29xHLo45i34CGJFpFPwo3XUgAkyWaF6,6362859,6.07,2024-09-28T06:10:01Z,2024-09-28 01:10:01,A,2024-09-27,Friday night,https://drive.google.com/file/d/1N29xHLo45i34CGJFpFPwo3XUgAkyWaF6/view,https://drive.google.com/uc?export=download&id=1N29xHLo45i34CGJFpFPwo3XUgAkyWaF6,https://drive.google.com/thumbnail?id=1N29xHLo45i34CGJFpFPwo3XUgAkyWaF6&sz=w1200
IMG_1917.JPG,1917,1Pklww0QsXHIwuf_jjXAOeIBO6HXU67Hv,5653416,5.39,2024-09-28T06:10:05Z,2024-09-28 01:10:05,A,2024-09-27,Friday night,https://drive.google.com/file/d/1Pklww0QsXHIwuf_jjXAOeIBO6HXU67Hv/view,https://drive.google.com/uc?export=download&id=1Pklww0QsXHIwuf_jjXAOeIBO6HXU67Hv,https://drive.google.com/thumbnail?id=1Pklww0QsXHIwuf_jjXAOeIBO6HXU67Hv&sz=w1200
IMG_1918.JPG,1918,1g1CIUyqHIKFn9cruuNuF5obta53EjS0U,5851013,5.58,2024-09-28T06:10:13Z,2024-09-28 01:10:13,A,2024-09-27,Friday night,https://drive.google.com/file/d/1g1CIUyqHIKFn9cruuNuF5obta53EjS0U/view,https://drive.google.com/uc?export=download&id=1g1CIUyqHIKFn9cruuNuF5obta53EjS0U,https://drive.google.com/thumbnail?id=1g1CIUyqHIKFn9cruuNuF5obta53EjS0U&sz=w1200
IMG_1919.JPG,1919,1iXJD24MXiX-_BJY9_N3z0UMs48IV8MvI,5750926,5.48,2024-09-28T06:10:18Z,2024-09-28 01:10:18,A,2024-09-27,Friday night,https://drive.google.com/file/d/1iXJD24MXiX-_BJY9_N3z0UMs48IV8MvI/view,https://drive.google.com/uc?export=download&id=1iXJD24MXiX-_BJY9_N3z0UMs48IV8MvI,https://drive.google.com/thumbnail?id=1iXJD24MXiX-_BJY9_N3z0UMs48IV8MvI&sz=w1200
IMG_1920.JPG,1920,1u-xRsfdsAk-LlqHpPDCMB0CH2VOLiEjQ,6444789,6.15,2024-09-28T06:10:22Z,2024-09-28 01:10:22,A,2024-09-27,Friday night,https://drive.google.com/file/d/1u-xRsfdsAk-LlqHpPDCMB0CH2VOLiEjQ/view,https://drive.google.com/uc?export=download&id=1u-xRsfdsAk-LlqHpPDCMB0CH2VOLiEjQ,https://drive.google.com/thumbnail?id=1u-xRsfdsAk-LlqHpPDCMB0CH2VOLiEjQ&sz=w1200
IMG_1922.JPG,1922,1isygGwmX6S7KNFQIOWE_aKw2gerXZhqS,5673532,5.41,2024-09-28T06:10:37Z,2024-09-28 01:10:37,A,2024-09-27,Friday night,https://drive.google.com/file/d/1isygGwmX6S7KNFQIOWE_aKw2gerXZhqS/view,https://drive.google.com/uc?export=download&id=1isygGwmX6S7KNFQIOWE_aKw2gerXZhqS,https://drive.google.com/thumbnail?id=1isygGwmX6S7KNFQIOWE_aKw2gerXZhqS&sz=w1200
IMG_1923.JPG,1923,19icRuEnZsxFmUqD5hpr0LAMhaIeLWKz6,5748660,5.48,2024-09-28T06:10:44Z,2024-09-28 01:10:44,A,2024-09-27,Friday night,https://drive.google.com/file/d/19icRuEnZsxFmUqD5hpr0LAMhaIeLWKz6/view,https://drive.google.com/uc?export=download&id=19icRuEnZsxFmUqD5hpr0LAMhaIeLWKz6,https://drive.google.com/thumbnail?id=19icRuEnZsxFmUqD5hpr0LAMhaIeLWKz6&sz=w1200
IMG_1926.JPG,1926,1X3d7ppKgOy1PBPz2YTFNRGn5lErLl2r9,3889029,3.71,2024-09-28T06:12:22Z,2024-09-28 01:12:22,A,2024-09-27,Friday night,https://drive.google.com/file/d/1X3d7ppKgOy1PBPz2YTFNRGn5lErLl2r9/view,https://drive.google.com/uc?export=download&id=1X3d7ppKgOy1PBPz2YTFNRGn5lErLl2r9,https://drive.google.com/thumbnail?id=1X3d7ppKgOy1PBPz2YTFNRGn5lErLl2r9&sz=w1200
IMG_1927.JPG,1927,1chKsGpGopp_pSWzDyGytnc5sqodSFCEm,5915655,5.64,2024-09-28T06:12:34Z,2024-09-28 01:12:34,A,2024-09-27,Friday night,https://drive.google.com/file/d/1chKsGpGopp_pSWzDyGytnc5sqodSFCEm/view,https://drive.google.com/uc?export=download&id=1chKsGpGopp_pSWzDyGytnc5sqodSFCEm,https://drive.google.com/thumbnail?id=1chKsGpGopp_pSWzDyGytnc5sqodSFCEm&sz=w1200
IMG_1929.JPG,1929,18SyWNomEt-GkUzWkafmgH3TprkXL1OyY,5883750,5.61,2024-09-28T06:13:32Z,2024-09-28 01:13:32,A,2024-09-27,Friday night,https://drive.google.com/file/d/18SyWNomEt-GkUzWkafmgH3TprkXL1OyY/view,https://drive.google.com/uc?export=download&id=18SyWNomEt-GkUzWkafmgH3TprkXL1OyY,https://drive.google.com/thumbnail?id=18SyWNomEt-GkUzWkafmgH3TprkXL1OyY&sz=w1200
IMG_1931.JPG,1931,1VS2HRMHpOp7S3Uwh4u3h84MVtxvT7_Va,4646877,4.43,2024-09-28T06:13:53Z,2024-09-28 01:13:53,A,2024-09-27,Friday night,https://drive.google.com/file/d/1VS2HRMHpOp7S3Uwh4u3h84MVtxvT7_Va/view,https://drive.google.com/uc?export=download&id=1VS2HRMHpOp7S3Uwh4u3h84MVtxvT7_Va,https://drive.google.com/thumbnail?id=1VS2HRMHpOp7S3Uwh4u3h84MVtxvT7_Va&sz=w1200
IMG_1932.JPG,1932,1IrPSB-vebjkCOrAGVcOoz_y9Zq6sgV3K,5636358,5.38,2024-09-28T06:14:26Z,2024-09-28 01:14:26,A,2024-09-27,Friday night,https://drive.google.com/file/d/1IrPSB-vebjkCOrAGVcOoz_y9Zq6sgV3K/view,https://drive.google.com/uc?export=download&id=1IrPSB-vebjkCOrAGVcOoz_y9Zq6sgV3K,https://drive.google.com/thumbnail?id=1IrPSB-vebjkCOrAGVcOoz_y9Zq6sgV3K&sz=w1200
IMG_1933.JPG,1933,1rOHsSwGb7_xPz2lJ3F_E0X-WDtmFPE--,5373776,5.12,2024-09-28T06:14:36Z,2024-09-28 01:14:36,A,2024-09-27,Friday night,https://drive.google.com/file/d/1rOHsSwGb7_xPz2lJ3F_E0X-WDtmFPE--/view,https://drive.google.com/uc?export=download&id=1rOHsSwGb7_xPz2lJ3F_E0X-WDtmFPE--,https://drive.google.com/thumbnail?id=1rOHsSwGb7_xPz2lJ3F_E0X-WDtmFPE--&sz=w1200
IMG_1934.JPG,1934,16hADV6I9aWW5RnCTGg6QAJmsYH6vGqT8,5305223,5.06,2024-09-28T06:14:39Z,2024-09-28 01:14:39,A,2024-09-27,Friday night,https://drive.google.com/file/d/16hADV6I9aWW5RnCTGg6QAJmsYH6vGqT8/view,https://drive.google.com/uc?export=download&id=16hADV6I9aWW5RnCTGg6QAJmsYH6vGqT8,https://drive.google.com/thumbnail?id=16hADV6I9aWW5RnCTGg6QAJmsYH6vGqT8&sz=w1200
IMG_1935.JPG,1935,1OlUAHCqQEupFRMFpHVool1LwfDI6U2Pq,6033200,5.75,2024-09-28T06:15:01Z,2024-09-28 01:15:01,A,2024-09-27,Friday night,https://drive.google.com/file/d/1OlUAHCqQEupFRMFpHVool1LwfDI6U2Pq/view,https://drive.google.com/uc?export=download&id=1OlUAHCqQEupFRMFpHVool1LwfDI6U2Pq,https://drive.google.com/thumbnail?id=1OlUAHCqQEupFRMFpHVool1LwfDI6U2Pq&sz=w1200
IMG_1936.JPG,1936,1RhYDxxXLvdoJGQA1gPEToUKT4H7JADZj,6164974,5.88,2024-09-28T06:15:03Z,2024-09-28 01:15:03,A,2024-09-27,Friday night,https://drive.google.com/file/d/1RhYDxxXLvdoJGQA1gPEToUKT4H7JADZj/view,https://drive.google.com/uc?export=download&id=1RhYDxxXLvdoJGQA1gPEToUKT4H7JADZj,https://drive.google.com/thumbnail?id=1RhYDxxXLvdoJGQA1gPEToUKT4H7JADZj&sz=w1200
IMG_1937.JPG,1937,1qbwfAGuF2A4KAKutwLPUNKOHdnQyeHv4,5989916,5.71,2024-09-28T06:16:36Z,2024-09-28 01:16:36,A,2024-09-27,Friday night,https://drive.google.com/file/d/1qbwfAGuF2A4KAKutwLPUNKOHdnQyeHv4/view,https://drive.google.com/uc?export=download&id=1qbwfAGuF2A4KAKutwLPUNKOHdnQyeHv4,https://drive.google.com/thumbnail?id=1qbwfAGuF2A4KAKutwLPUNKOHdnQyeHv4&sz=w1200
IMG_1938.JPG,1938,13IFI0DqVfdWyNTcAOypf9n4a3t4kM1oF,5976443,5.7,2024-09-28T06:16:38Z,2024-09-28 01:16:38,A,2024-09-27,Friday night,https://drive.google.com/file/d/13IFI0DqVfdWyNTcAOypf9n4a3t4kM1oF/view,https://drive.google.com/uc?export=download&id=13IFI0DqVfdWyNTcAOypf9n4a3t4kM1oF,https://drive.google.com/thumbnail?id=13IFI0DqVfdWyNTcAOypf9n4a3t4kM1oF&sz=w1200
IMG_1939.JPG,1939,17-ldyamviap8dnFEOInJsQX6_AiH1F7F,6292605,6.0,2024-09-28T06:16:51Z,2024-09-28 01:16:51,A,2024-09-27,Friday night,https://drive.google.com/file/d/17-ldyamviap8dnFEOInJsQX6_AiH1F7F/view,https://drive.google.com/uc?export=download&id=17-ldyamviap8dnFEOInJsQX6_AiH1F7F,https://drive.google.com/thumbnail?id=17-ldyamviap8dnFEOInJsQX6_AiH1F7F&sz=w1200
IMG_1940.JPG,1940,1Zl_UCeA_v9F2CC94AXEJk9YI6zVtvRyW,5991153,5.71,2024-09-28T06:16:53Z,2024-09-28 01:16:53,A,2024-09-27,Friday night,https://drive.google.com/file/d/1Zl_UCeA_v9F2CC94AXEJk9YI6zVtvRyW/view,https://drive.google.com/uc?export=download&id=1Zl_UCeA_v9F2CC94AXEJk9YI6zVtvRyW,https://drive.google.com/thumbnail?id=1Zl_UCeA_v9F2CC94AXEJk9YI6zVtvRyW&sz=w1200
IMG_1941.JPG,1941,1Cx-bnWvkMSRPr2vWY0c6ms2g6_EBrJNw,6222060,5.93,2024-09-28T06:16:55Z,2024-09-28 01:16:55,A,2024-09-27,Friday night,https://drive.google.com/file/d/1Cx-bnWvkMSRPr2vWY0c6ms2g6_EBrJNw/view,https://drive.google.com/uc?export=download&id=1Cx-bnWvkMSRPr2vWY0c6ms2g6_EBrJNw,https://drive.google.com/thumbnail?id=1Cx-bnWvkMSRPr2vWY0c6ms2g6_EBrJNw&sz=w1200
IMG_1942.JPG,1942,13upUCd4rft-5p-toRjTkb2bNpXSh6hQj,4814459,4.59,2024-09-28T06:17:08Z,2024-09-28 01:17:08,A,2024-09-27,Friday night,https://drive.google.com/file/d/13upUCd4rft-5p-toRjTkb2bNpXSh6hQj/view,https://drive.google.com/uc?export=download&id=13upUCd4rft-5p-toRjTkb2bNpXSh6hQj,https://drive.google.com/thumbnail?id=13upUCd4rft-5p-toRjTkb2bNpXSh6hQj&sz=w1200
IMG_1943.JPG,1943,1JkVeWnubGvDty6ufGUKaTFgIZEnFYjGc,5667246,5.4,2024-09-28T06:17:10Z,2024-09-28 01:17:10,A,2024-09-27,Friday night,https://drive.google.com/file/d/1JkVeWnubGvDty6ufGUKaTFgIZEnFYjGc/view,https://drive.google.com/uc?export=download&id=1JkVeWnubGvDty6ufGUKaTFgIZEnFYjGc,https://drive.google.com/thumbnail?id=1JkVeWnubGvDty6ufGUKaTFgIZEnFYjGc&sz=w1200
IMG_1944.JPG,1944,1qNQhMBAyCmO3PYixjWdM82-4kNkwmZLy,6027738,5.75,2024-09-28T06:17:15Z,2024-09-28 01:17:15,A,2024-09-27,Friday night,https://drive.google.com/file/d/1qNQhMBAyCmO3PYixjWdM82-4kNkwmZLy/view,https://drive.google.com/uc?export=download&id=1qNQhMBAyCmO3PYixjWdM82-4kNkwmZLy,https://drive.google.com/thumbnail?id=1qNQhMBAyCmO3PYixjWdM82-4kNkwmZLy&sz=w1200
IMG_1945.JPG,1945,1TrvvvYzu3fYCOlz30Sei0T76as9-tqc-,5501511,5.25,2024-09-28T06:17:40Z,2024-09-28 01:17:40,A,2024-09-27,Friday night,https://drive.google.com/file/d/1TrvvvYzu3fYCOlz30Sei0T76as9-tqc-/view,https://drive.google.com/uc?export=download&id=1TrvvvYzu3fYCOlz30Sei0T76as9-tqc-,https://drive.google.com/thumbnail?id=1TrvvvYzu3fYCOlz30Sei0T76as9-tqc-&sz=w1200
IMG_1946.JPG,1946,1l3RvTdb1Me8UPm_RNppYdEzpUnGGg0rW,5207435,4.97,2024-09-28T06:17:54Z,2024-09-28 01:17:54,A,2024-09-27,Friday night,https://drive.google.com/file/d/1l3RvTdb1Me8UPm_RNppYdEzpUnGGg0rW/view,https://drive.google.com/uc?export=download&id=1l3RvTdb1Me8UPm_RNppYdEzpUnGGg0rW,https://drive.google.com/thumbnail?id=1l3RvTdb1Me8UPm_RNppYdEzpUnGGg0rW&sz=w1200
IMG_1947.JPG,1947,1_Dj8cPmHv8PrNLiYy_RfkDSIIwa_j3Gf,5947222,5.67,2024-09-28T06:18:25Z,2024-09-28 01:18:25,A,2024-09-27,Friday night,https://drive.google.com/file/d/1_Dj8cPmHv8PrNLiYy_RfkDSIIwa_j3Gf/view,https://drive.google.com/uc?export=download&id=1_Dj8cPmHv8PrNLiYy_RfkDSIIwa_j3Gf,https://drive.google.com/thumbnail?id=1_Dj8cPmHv8PrNLiYy_RfkDSIIwa_j3Gf&sz=w1200
IMG_1948.JPG,1948,13eeB8czNMe9Sf9T8Ig6TBdRwBlOqabke,5802081,5.53,2024-09-28T06:18:28Z,2024-09-28 01:18:28,A,2024-09-27,Friday night,https://drive.google.com/file/d/13eeB8czNMe9Sf9T8Ig6TBdRwBlOqabke/view,https://drive.google.com/uc?export=download&id=13eeB8czNMe9Sf9T8Ig6TBdRwBlOqabke,https://drive.google.com/thumbnail?id=13eeB8czNMe9Sf9T8Ig6TBdRwBlOqabke&sz=w1200
IMG_1949.JPG,1949,1v6xFWb1P_4ghGmMyoDuwmp1cLLryv2bn,5857760,5.59,2024-09-28T06:18:31Z,2024-09-28 01:18:31,A,2024-09-27,Friday night,https://drive.google.com/file/d/1v6xFWb1P_4ghGmMyoDuwmp1cLLryv2bn/view,https://drive.google.com/uc?export=download&id=1v6xFWb1P_4ghGmMyoDuwmp1cLLryv2bn,https://drive.google.com/thumbnail?id=1v6xFWb1P_4ghGmMyoDuwmp1cLLryv2bn&sz=w1200
IMG_1952.JPG,1952,1FibP7QLggkL9Bwidxmc4NDbS7AskEfT9,5588241,5.33,2024-09-28T06:19:56Z,2024-09-28 01:19:56,A,2024-09-27,Friday night,https://drive.google.com/file/d/1FibP7QLggkL9Bwidxmc4NDbS7AskEfT9/view,https://drive.google.com/uc?export=download&id=1FibP7QLggkL9Bwidxmc4NDbS7AskEfT9,https://drive.google.com/thumbnail?id=1FibP7QLggkL9Bwidxmc4NDbS7AskEfT9&sz=w1200
IMG_1953.JPG,1953,1gh9xTRt3IQ8J2WlyQ6bb1Vd_OcIZRwZq,6129905,5.85,2024-09-28T06:19:59Z,2024-09-28 01:19:59,A,2024-09-27,Friday night,https://drive.google.com/file/d/1gh9xTRt3IQ8J2WlyQ6bb1Vd_OcIZRwZq/view,https://drive.google.com/uc?export=download&id=1gh9xTRt3IQ8J2WlyQ6bb1Vd_OcIZRwZq,https://drive.google.com/thumbnail?id=1gh9xTRt3IQ8J2WlyQ6bb1Vd_OcIZRwZq&sz=w1200
IMG_1954.JPG,1954,1UZ2qqe8Rd5_A2wAdHSQxMI73nszqDgai,5727965,5.46,2024-09-28T06:20:42Z,2024-09-28 01:20:42,A,2024-09-27,Friday night,https://drive.google.com/file/d/1UZ2qqe8Rd5_A2wAdHSQxMI73nszqDgai/view,https://drive.google.com/uc?export=download&id=1UZ2qqe8Rd5_A2wAdHSQxMI73nszqDgai,https://drive.google.com/thumbnail?id=1UZ2qqe8Rd5_A2wAdHSQxMI73nszqDgai&sz=w1200
IMG_1955.JPG,1955,1pA8jSW3rYJL6esDkzwiG-u_J4stGkJzn,5842881,5.57,2024-09-28T06:20:45Z,2024-09-28 01:20:45,A,2024-09-27,Friday night,https://drive.google.com/file/d/1pA8jSW3rYJL6esDkzwiG-u_J4stGkJzn/view,https://drive.google.com/uc?export=download&id=1pA8jSW3rYJL6esDkzwiG-u_J4stGkJzn,https://drive.google.com/thumbnail?id=1pA8jSW3rYJL6esDkzwiG-u_J4stGkJzn&sz=w1200
IMG_1956.JPG,1956,1hh5_Z3-qnV9_Jq9YCsZj_6ybYsgQlqMe,3397707,3.24,2024-09-28T06:23:36Z,2024-09-28 01:23:36,A,2024-09-27,Friday night,https://drive.google.com/file/d/1hh5_Z3-qnV9_Jq9YCsZj_6ybYsgQlqMe/view,https://drive.google.com/uc?export=download&id=1hh5_Z3-qnV9_Jq9YCsZj_6ybYsgQlqMe,https://drive.google.com/thumbnail?id=1hh5_Z3-qnV9_Jq9YCsZj_6ybYsgQlqMe&sz=w1200
IMG_1957.JPG,1957,1I0ewxN7gTyCLzGUjEhabZXavXFL-DE58,4370120,4.17,2024-09-28T06:23:38Z,2024-09-28 01:23:38,A,2024-09-27,Friday night,https://drive.google.com/file/d/1I0ewxN7gTyCLzGUjEhabZXavXFL-DE58/view,https://drive.google.com/uc?export=download&id=1I0ewxN7gTyCLzGUjEhabZXavXFL-DE58,https://drive.google.com/thumbnail?id=1I0ewxN7gTyCLzGUjEhabZXavXFL-DE58&sz=w1200
IMG_1958.JPG,1958,1mv6IM1MHNRRyzqaf3M1gkkYDGpAWSolZ,6195918,5.91,2024-09-28T06:24:02Z,2024-09-28 01:24:02,A,2024-09-27,Friday night,https://drive.google.com/file/d/1mv6IM1MHNRRyzqaf3M1gkkYDGpAWSolZ/view,https://drive.google.com/uc?export=download&id=1mv6IM1MHNRRyzqaf3M1gkkYDGpAWSolZ,https://drive.google.com/thumbnail?id=1mv6IM1MHNRRyzqaf3M1gkkYDGpAWSolZ&sz=w1200
IMG_1959.JPG,1959,1WvI-hvlqfgYeW3Qnrtpe9bSBOTlXPSfS,5870980,5.6,2024-09-28T06:24:05Z,2024-09-28 01:24:05,A,2024-09-27,Friday night,https://drive.google.com/file/d/1WvI-hvlqfgYeW3Qnrtpe9bSBOTlXPSfS/view,https://drive.google.com/uc?export=download&id=1WvI-hvlqfgYeW3Qnrtpe9bSBOTlXPSfS,https://drive.google.com/thumbnail?id=1WvI-hvlqfgYeW3Qnrtpe9bSBOTlXPSfS&sz=w1200
IMG_1960.JPG,1960,1TJsP8j7PpYRM2LbT0VbwCPPPbiM_ZTSc,5277566,5.03,2024-09-28T06:25:24Z,2024-09-28 01:25:24,A,2024-09-27,Friday night,https://drive.google.com/file/d/1TJsP8j7PpYRM2LbT0VbwCPPPbiM_ZTSc/view,https://drive.google.com/uc?export=download&id=1TJsP8j7PpYRM2LbT0VbwCPPPbiM_ZTSc,https://drive.google.com/thumbnail?id=1TJsP8j7PpYRM2LbT0VbwCPPPbiM_ZTSc&sz=w1200
IMG_1961.JPG,1961,10-BYxpHj0QvRU7oXvkeyYaFlYcsuHTBp,5681772,5.42,2024-09-28T06:25:26Z,2024-09-28 01:25:26,A,2024-09-27,Friday night,https://drive.google.com/file/d/10-BYxpHj0QvRU7oXvkeyYaFlYcsuHTBp/view,https://drive.google.com/uc?export=download&id=10-BYxpHj0QvRU7oXvkeyYaFlYcsuHTBp,https://drive.google.com/thumbnail?id=10-BYxpHj0QvRU7oXvkeyYaFlYcsuHTBp&sz=w1200
IMG_1962.JPG,1962,1IwCnkYHBCvG9iR_uVBynnbD08YyLICHt,6000283,5.72,2024-09-28T06:25:35Z,2024-09-28 01:25:35,A,2024-09-27,Friday night,https://drive.google.com/file/d/1IwCnkYHBCvG9iR_uVBynnbD08YyLICHt/view,https://drive.google.com/uc?export=download&id=1IwCnkYHBCvG9iR_uVBynnbD08YyLICHt,https://drive.google.com/thumbnail?id=1IwCnkYHBCvG9iR_uVBynnbD08YyLICHt&sz=w1200
IMG_1963.JPG,1963,1o3Rvcmjkt5io9c25MRJEzsRiDYXK5-kb,5961954,5.69,2024-09-28T06:25:37Z,2024-09-28 01:25:37,A,2024-09-27,Friday night,https://drive.google.com/file/d/1o3Rvcmjkt5io9c25MRJEzsRiDYXK5-kb/view,https://drive.google.com/uc?export=download&id=1o3Rvcmjkt5io9c25MRJEzsRiDYXK5-kb,https://drive.google.com/thumbnail?id=1o3Rvcmjkt5io9c25MRJEzsRiDYXK5-kb&sz=w1200
IMG_1964.JPG,1964,1JcpNyullfnsEAkgKO2j4Jge9DMio9MOx,5293301,5.05,2024-09-28T06:26:14Z,2024-09-28 01:26:14,A,2024-09-27,Friday night,https://drive.google.com/file/d/1JcpNyullfnsEAkgKO2j4Jge9DMio9MOx/view,https://drive.google.com/uc?export=download&id=1JcpNyullfnsEAkgKO2j4Jge9DMio9MOx,https://drive.google.com/thumbnail?id=1JcpNyullfnsEAkgKO2j4Jge9DMio9MOx&sz=w1200
IMG_1965.JPG,1965,10E9YkVKXDhXowaosZqMj6LZioF6h03kT,4603296,4.39,2024-09-28T06:26:17Z,2024-09-28 01:26:17,A,2024-09-27,Friday night,https://drive.google.com/file/d/10E9YkVKXDhXowaosZqMj6LZioF6h03kT/view,https://drive.google.com/uc?export=download&id=10E9YkVKXDhXowaosZqMj6LZioF6h03kT,https://drive.google.com/thumbnail?id=10E9YkVKXDhXowaosZqMj6LZioF6h03kT&sz=w1200
IMG_1966.JPG,1966,14-SPB3yQOBwiYDubGLqNObVehTjx9Wfo,4530525,4.32,2024-09-28T06:26:19Z,2024-09-28 01:26:19,A,2024-09-27,Friday night,https://drive.google.com/file/d/14-SPB3yQOBwiYDubGLqNObVehTjx9Wfo/view,https://drive.google.com/uc?export=download&id=14-SPB3yQOBwiYDubGLqNObVehTjx9Wfo,https://drive.google.com/thumbnail?id=14-SPB3yQOBwiYDubGLqNObVehTjx9Wfo&sz=w1200
IMG_1968.JPG,1968,1U5i1_6D1dqhLjfHg6FDfCieCEK3W6gIY,6604402,6.3,2024-09-28T06:27:18Z,2024-09-28 01:27:18,A,2024-09-27,Friday night,https://drive.google.com/file/d/1U5i1_6D1dqhLjfHg6FDfCieCEK3W6gIY/view,https://drive.google.com/uc?export=download&id=1U5i1_6D1dqhLjfHg6FDfCieCEK3W6gIY,https://drive.google.com/thumbnail?id=1U5i1_6D1dqhLjfHg6FDfCieCEK3W6gIY&sz=w1200
IMG_1969.JPG,1969,1pnVD3qnwQBF6uPDZQqErmsujFrw_w-50,5507932,5.25,2024-09-28T06:29:40Z,2024-09-28 01:29:40,A,2024-09-27,Friday night,https://drive.google.com/file/d/1pnVD3qnwQBF6uPDZQqErmsujFrw_w-50/view,https://drive.google.com/uc?export=download&id=1pnVD3qnwQBF6uPDZQqErmsujFrw_w-50,https://drive.google.com/thumbnail?id=1pnVD3qnwQBF6uPDZQqErmsujFrw_w-50&sz=w1200
IMG_1970.JPG,1970,1ALi0UMLmOadyV9vpJ2fI7xhqVkleN3MQ,4683200,4.47,2024-09-28T06:29:58Z,2024-09-28 01:29:58,A,2024-09-27,Friday night,https://drive.google.com/file/d/1ALi0UMLmOadyV9vpJ2fI7xhqVkleN3MQ/view,https://drive.google.com/uc?export=download&id=1ALi0UMLmOadyV9vpJ2fI7xhqVkleN3MQ,https://drive.google.com/thumbnail?id=1ALi0UMLmOadyV9vpJ2fI7xhqVkleN3MQ&sz=w1200
IMG_1971.JPG,1971,1lSkt9l7FBnm5ZhrgEEV3_rwfr3QH4kRr,5375699,5.13,2024-09-28T06:30:09Z,2024-09-28 01:30:09,A,2024-09-27,Friday night,https://drive.google.com/file/d/1lSkt9l7FBnm5ZhrgEEV3_rwfr3QH4kRr/view,https://drive.google.com/uc?export=download&id=1lSkt9l7FBnm5ZhrgEEV3_rwfr3QH4kRr,https://drive.google.com/thumbnail?id=1lSkt9l7FBnm5ZhrgEEV3_rwfr3QH4kRr&sz=w1200
IMG_1972.JPG,1972,1kPdZuA8o8ZM4WAGsyqvGWZpiakhf75cN,5707086,5.44,2024-09-28T06:30:27Z,2024-09-28 01:30:27,A,2024-09-27,Friday night,https://drive.google.com/file/d/1kPdZuA8o8ZM4WAGsyqvGWZpiakhf75cN/view,https://drive.google.com/uc?export=download&id=1kPdZuA8o8ZM4WAGsyqvGWZpiakhf75cN,https://drive.google.com/thumbnail?id=1kPdZuA8o8ZM4WAGsyqvGWZpiakhf75cN&sz=w1200
IMG_1973.JPG,1973,1WcDkybjvwXm5J111gdkzgaI0mXOJgWHr,5165608,4.93,2024-09-28T06:30:30Z,2024-09-28 01:30:30,A,2024-09-27,Friday night,https://drive.google.com/file/d/1WcDkybjvwXm5J111gdkzgaI0mXOJgWHr/view,https://drive.google.com/uc?export=download&id=1WcDkybjvwXm5J111gdkzgaI0mXOJgWHr,https://drive.google.com/thumbnail?id=1WcDkybjvwXm5J111gdkzgaI0mXOJgWHr&sz=w1200
IMG_1975.JPG,1975,1dR-10NuZJTeisnPQ6ytsoQKu8C6EbJQD,5090599,4.85,2024-09-28T06:32:27Z,2024-09-28 01:32:27,A,2024-09-27,Friday night,https://drive.google.com/file/d/1dR-10NuZJTeisnPQ6ytsoQKu8C6EbJQD/view,https://drive.google.com/uc?export=download&id=1dR-10NuZJTeisnPQ6ytsoQKu8C6EbJQD,https://drive.google.com/thumbnail?id=1dR-10NuZJTeisnPQ6ytsoQKu8C6EbJQD&sz=w1200
IMG_1976.JPG,1976,1DD5W88HDRmNtsxwONWO60VNZdyzn0KKp,5517246,5.26,2024-09-28T06:32:30Z,2024-09-28 01:32:30,A,2024-09-27,Friday night,https://drive.google.com/file/d/1DD5W88HDRmNtsxwONWO60VNZdyzn0KKp/view,https://drive.google.com/uc?export=download&id=1DD5W88HDRmNtsxwONWO60VNZdyzn0KKp,https://drive.google.com/thumbnail?id=1DD5W88HDRmNtsxwONWO60VNZdyzn0KKp&sz=w1200
IMG_1977.JPG,1977,1YIXzKCTtBIfITDwxc0S1rwmNYMG6DkPX,5539150,5.28,2024-09-28T06:32:40Z,2024-09-28 01:32:40,A,2024-09-27,Friday night,https://drive.google.com/file/d/1YIXzKCTtBIfITDwxc0S1rwmNYMG6DkPX/view,https://drive.google.com/uc?export=download&id=1YIXzKCTtBIfITDwxc0S1rwmNYMG6DkPX,https://drive.google.com/thumbnail?id=1YIXzKCTtBIfITDwxc0S1rwmNYMG6DkPX&sz=w1200
IMG_1978.JPG,1978,1igbvUYsbzQEeeBvUUXgM_su3Sa_Q_cNG,5947613,5.67,2024-09-28T06:34:48Z,2024-09-28 01:34:48,A,2024-09-27,Friday night,https://drive.google.com/file/d/1igbvUYsbzQEeeBvUUXgM_su3Sa_Q_cNG/view,https://drive.google.com/uc?export=download&id=1igbvUYsbzQEeeBvUUXgM_su3Sa_Q_cNG,https://drive.google.com/thumbnail?id=1igbvUYsbzQEeeBvUUXgM_su3Sa_Q_cNG&sz=w1200
IMG_1980.JPG,1980,1RFALtRx5tJMGxdeWSLn1BycuOM057Otx,6285387,5.99,2024-09-28T06:35:06Z,2024-09-28 01:35:06,A,2024-09-27,Friday night,https://drive.google.com/file/d/1RFALtRx5tJMGxdeWSLn1BycuOM057Otx/view,https://drive.google.com/uc?export=download&id=1RFALtRx5tJMGxdeWSLn1BycuOM057Otx,https://drive.google.com/thumbnail?id=1RFALtRx5tJMGxdeWSLn1BycuOM057Otx&sz=w1200
IMG_1982.JPG,1982,1SF6uYGtkvPNB5bhsMEMFwDtgtSZRSYH2,5497925,5.24,2024-09-28T06:35:19Z,2024-09-28 01:35:19,A,2024-09-27,Friday night,https://drive.google.com/file/d/1SF6uYGtkvPNB5bhsMEMFwDtgtSZRSYH2/view,https://drive.google.com/uc?export=download&id=1SF6uYGtkvPNB5bhsMEMFwDtgtSZRSYH2,https://drive.google.com/thumbnail?id=1SF6uYGtkvPNB5bhsMEMFwDtgtSZRSYH2&sz=w1200
IMG_1983.JPG,1983,13XQBozTuTuy-46FNSDeH9YOlEzWW1s5d,5925538,5.65,2024-09-28T06:35:21Z,2024-09-28 01:35:21,A,2024-09-27,Friday night,https://drive.google.com/file/d/13XQBozTuTuy-46FNSDeH9YOlEzWW1s5d/view,https://drive.google.com/uc?export=download&id=13XQBozTuTuy-46FNSDeH9YOlEzWW1s5d,https://drive.google.com/thumbnail?id=13XQBozTuTuy-46FNSDeH9YOlEzWW1s5d&sz=w1200
IMG_1984.JPG,1984,15wjZqvgLt520reoWq8g4ml-4Xhu5WWzw,5815424,5.55,2024-09-28T06:35:24Z,2024-09-28 01:35:24,A,2024-09-27,Friday night,https://drive.google.com/file/d/15wjZqvgLt520reoWq8g4ml-4Xhu5WWzw/view,https://drive.google.com/uc?export=download&id=15wjZqvgLt520reoWq8g4ml-4Xhu5WWzw,https://drive.google.com/thumbnail?id=15wjZqvgLt520reoWq8g4ml-4Xhu5WWzw&sz=w1200
IMG_1985.JPG,1985,1Os80aFgwbPTb5xvBKNwRLGrQZBX3mtfX,5997971,5.72,2024-09-28T06:35:35Z,2024-09-28 01:35:35,A,2024-09-27,Friday night,https://drive.google.com/file/d/1Os80aFgwbPTb5xvBKNwRLGrQZBX3mtfX/view,https://drive.google.com/uc?export=download&id=1Os80aFgwbPTb5xvBKNwRLGrQZBX3mtfX,https://drive.google.com/thumbnail?id=1Os80aFgwbPTb5xvBKNwRLGrQZBX3mtfX&sz=w1200
IMG_1986.JPG,1986,1ZbM2v02wPBSQVHXFi4G1LVEnrVbYL_QJ,6316814,6.02,2024-09-28T06:35:37Z,2024-09-28 01:35:37,A,2024-09-27,Friday night,https://drive.google.com/file/d/1ZbM2v02wPBSQVHXFi4G1LVEnrVbYL_QJ/view,https://drive.google.com/uc?export=download&id=1ZbM2v02wPBSQVHXFi4G1LVEnrVbYL_QJ,https://drive.google.com/thumbnail?id=1ZbM2v02wPBSQVHXFi4G1LVEnrVbYL_QJ&sz=w1200
IMG_1987.JPG,1987,1Uayd9scjub5wDaqBp-JJh1q1sJkC1ZqO,6052300,5.77,2024-09-28T06:36:07Z,2024-09-28 01:36:07,A,2024-09-27,Friday night,https://drive.google.com/file/d/1Uayd9scjub5wDaqBp-JJh1q1sJkC1ZqO/view,https://drive.google.com/uc?export=download&id=1Uayd9scjub5wDaqBp-JJh1q1sJkC1ZqO,https://drive.google.com/thumbnail?id=1Uayd9scjub5wDaqBp-JJh1q1sJkC1ZqO&sz=w1200
IMG_1988.JPG,1988,17Wy6CTVw23LQw2pf5Vf7Bx1jNgz7Bwob,6462738,6.16,2024-09-28T06:36:10Z,2024-09-28 01:36:10,A,2024-09-27,Friday night,https://drive.google.com/file/d/17Wy6CTVw23LQw2pf5Vf7Bx1jNgz7Bwob/view,https://drive.google.com/uc?export=download&id=17Wy6CTVw23LQw2pf5Vf7Bx1jNgz7Bwob,https://drive.google.com/thumbnail?id=17Wy6CTVw23LQw2pf5Vf7Bx1jNgz7Bwob&sz=w1200
IMG_1989.JPG,1989,1aXslC2SE7uXhQsWrZwl_vRnoea4yDG45,5240486,5.0,2024-09-28T06:36:15Z,2024-09-28 01:36:15,A,2024-09-27,Friday night,https://drive.google.com/file/d/1aXslC2SE7uXhQsWrZwl_vRnoea4yDG45/view,https://drive.google.com/uc?export=download&id=1aXslC2SE7uXhQsWrZwl_vRnoea4yDG45,https://drive.google.com/thumbnail?id=1aXslC2SE7uXhQsWrZwl_vRnoea4yDG45&sz=w1200
IMG_1990.JPG,1990,17eh46XmKbEnn8X-F0V_tYFhlllldsT51,5758123,5.49,2024-09-28T06:36:20Z,2024-09-28 01:36:20,A,2024-09-27,Friday night,https://drive.google.com/file/d/17eh46XmKbEnn8X-F0V_tYFhlllldsT51/view,https://drive.google.com/uc?export=download&id=17eh46XmKbEnn8X-F0V_tYFhlllldsT51,https://drive.google.com/thumbnail?id=17eh46XmKbEnn8X-F0V_tYFhlllldsT51&sz=w1200
IMG_1991.JPG,1991,1ZvRqwl3cpKbBXuuoFjMtGEmDKHEQhP2D,5860965,5.59,2024-09-28T06:36:29Z,2024-09-28 01:36:29,A,2024-09-27,Friday night,https://drive.google.com/file/d/1ZvRqwl3cpKbBXuuoFjMtGEmDKHEQhP2D/view,https://drive.google.com/uc?export=download&id=1ZvRqwl3cpKbBXuuoFjMtGEmDKHEQhP2D,https://drive.google.com/thumbnail?id=1ZvRqwl3cpKbBXuuoFjMtGEmDKHEQhP2D&sz=w1200
IMG_1992.JPG,1992,1zBZ9gjthx78Bm6ohnT7PJkQrk6d2c19g,6310923,6.02,2024-09-28T06:36:41Z,2024-09-28 01:36:41,A,2024-09-27,Friday night,https://drive.google.com/file/d/1zBZ9gjthx78Bm6ohnT7PJkQrk6d2c19g/view,https://drive.google.com/uc?export=download&id=1zBZ9gjthx78Bm6ohnT7PJkQrk6d2c19g,https://drive.google.com/thumbnail?id=1zBZ9gjthx78Bm6ohnT7PJkQrk6d2c19g&sz=w1200
IMG_1994.JPG,1994,1dmQwDInwjEsVUs3qur2kbxdzcsvOWfJt,5851682,5.58,2024-09-28T06:37:27Z,2024-09-28 01:37:27,A,2024-09-27,Friday night,https://drive.google.com/file/d/1dmQwDInwjEsVUs3qur2kbxdzcsvOWfJt/view,https://drive.google.com/uc?export=download&id=1dmQwDInwjEsVUs3qur2kbxdzcsvOWfJt,https://drive.google.com/thumbnail?id=1dmQwDInwjEsVUs3qur2kbxdzcsvOWfJt&sz=w1200
IMG_1995.JPG,1995,1cu7SjTXXGH_Bsm9OzB-2mvKTcYddoxE1,4040456,3.85,2024-09-28T06:38:07Z,2024-09-28 01:38:07,A,2024-09-27,Friday night,https://drive.google.com/file/d/1cu7SjTXXGH_Bsm9OzB-2mvKTcYddoxE1/view,https://drive.google.com/uc?export=download&id=1cu7SjTXXGH_Bsm9OzB-2mvKTcYddoxE1,https://drive.google.com/thumbnail?id=1cu7SjTXXGH_Bsm9OzB-2mvKTcYddoxE1&sz=w1200
IMG_1996.JPG,1996,1QjzLsdjuTr5ZA6VXDQLuh3alaw-d3LXq,3412183,3.25,2024-09-28T06:38:16Z,2024-09-28 01:38:16,A,2024-09-27,Friday night,https://drive.google.com/file/d/1QjzLsdjuTr5ZA6VXDQLuh3alaw-d3LXq/view,https://drive.google.com/uc?export=download&id=1QjzLsdjuTr5ZA6VXDQLuh3alaw-d3LXq,https://drive.google.com/thumbnail?id=1QjzLsdjuTr5ZA6VXDQLuh3alaw-d3LXq&sz=w1200
IMG_1997.JPG,1997,1an35BUZOcFMYgrGalVjePkR8_QuSjIAy,5893210,5.62,2024-09-28T06:38:39Z,2024-09-28 01:38:39,A,2024-09-27,Friday night,https://drive.google.com/file/d/1an35BUZOcFMYgrGalVjePkR8_QuSjIAy/view,https://drive.google.com/uc?export=download&id=1an35BUZOcFMYgrGalVjePkR8_QuSjIAy,https://drive.google.com/thumbnail?id=1an35BUZOcFMYgrGalVjePkR8_QuSjIAy&sz=w1200
IMG_1998.JPG,1998,1-qzmf4SeBcOf4yqOcXcMpfenyrAMnu_F,5716905,5.45,2024-09-28T06:38:53Z,2024-09-28 01:38:53,A,2024-09-27,Friday night,https://drive.google.com/file/d/1-qzmf4SeBcOf4yqOcXcMpfenyrAMnu_F/view,https://drive.google.com/uc?export=download&id=1-qzmf4SeBcOf4yqOcXcMpfenyrAMnu_F,https://drive.google.com/thumbnail?id=1-qzmf4SeBcOf4yqOcXcMpfenyrAMnu_F&sz=w1200
IMG_1999.JPG,1999,1-RVJA5j4nqmHDKsj9A7aMIJD695jDJYH,5440136,5.19,2024-09-28T06:38:55Z,2024-09-28 01:38:55,A,2024-09-27,Friday night,https://drive.google.com/file/d/1-RVJA5j4nqmHDKsj9A7aMIJD695jDJYH/view,https://drive.google.com/uc?export=download&id=1-RVJA5j4nqmHDKsj9A7aMIJD695jDJYH,https://drive.google.com/thumbnail?id=1-RVJA5j4nqmHDKsj9A7aMIJD695jDJYH&sz=w1200
IMG_2001.JPG,2001,16J5vQbuBGiYMtwQQ0XyyI0MhfyQPNgND,6024964,5.75,2024-09-28T06:39:28Z,2024-09-28 01:39:28,A,2024-09-27,Friday night,https://drive.google.com/file/d/16J5vQbuBGiYMtwQQ0XyyI0MhfyQPNgND/view,https://drive.google.com/uc?export=download&id=16J5vQbuBGiYMtwQQ0XyyI0MhfyQPNgND,https://drive.google.com/thumbnail?id=16J5vQbuBGiYMtwQQ0XyyI0MhfyQPNgND&sz=w1200
IMG_2002.JPG,2002,1eeCYTScyS4ns66hUleQXLDSJ4AMI_cvy,4981612,4.75,2024-09-28T06:46:50Z,2024-09-28 01:46:50,A,2024-09-27,Friday night,https://drive.google.com/file/d/1eeCYTScyS4ns66hUleQXLDSJ4AMI_cvy/view,https://drive.google.com/uc?export=download&id=1eeCYTScyS4ns66hUleQXLDSJ4AMI_cvy,https://drive.google.com/thumbnail?id=1eeCYTScyS4ns66hUleQXLDSJ4AMI_cvy&sz=w1200
IMG_2003.JPG,2003,1K3JbussB_Wf4b5xRA5D6sH5rFLJdj3ge,4739430,4.52,2024-09-28T06:46:55Z,2024-09-28 01:46:55,A,2024-09-27,Friday night,https://drive.google.com/file/d/1K3JbussB_Wf4b5xRA5D6sH5rFLJdj3ge/view,https://drive.google.com/uc?export=download&id=1K3JbussB_Wf4b5xRA5D6sH5rFLJdj3ge,https://drive.google.com/thumbnail?id=1K3JbussB_Wf4b5xRA5D6sH5rFLJdj3ge&sz=w1200
IMG_2004.JPG,2004,16zPEMvcSRm4Ve0l7dnE1u_OXfvr8on9n,4491637,4.28,2024-09-28T06:47:00Z,2024-09-28 01:47:00,A,2024-09-27,Friday night,https://drive.google.com/file/d/16zPEMvcSRm4Ve0l7dnE1u_OXfvr8on9n/view,https://drive.google.com/uc?export=download&id=16zPEMvcSRm4Ve0l7dnE1u_OXfvr8on9n,https://drive.google.com/thumbnail?id=16zPEMvcSRm4Ve0l7dnE1u_OXfvr8on9n&sz=w1200
IMG_2005.JPG,2005,1UBYcS-2MJNHNhmC_SUQsXiYJUFZSxUMM,4852555,4.63,2024-09-28T06:47:06Z,2024-09-28 01:47:06,A,2024-09-27,Friday night,https://drive.google.com/file/d/1UBYcS-2MJNHNhmC_SUQsXiYJUFZSxUMM/view,https://drive.google.com/uc?export=download&id=1UBYcS-2MJNHNhmC_SUQsXiYJUFZSxUMM,https://drive.google.com/thumbnail?id=1UBYcS-2MJNHNhmC_SUQsXiYJUFZSxUMM&sz=w1200
IMG_2006.JPG,2006,1e0yyLM59YAaPmTWb6hPIC0CBaCasg2GJ,6026007,5.75,2024-09-28T06:48:05Z,2024-09-28 01:48:05,A,2024-09-27,Friday night,https://drive.google.com/file/d/1e0yyLM59YAaPmTWb6hPIC0CBaCasg2GJ/view,https://drive.google.com/uc?export=download&id=1e0yyLM59YAaPmTWb6hPIC0CBaCasg2GJ,https://drive.google.com/thumbnail?id=1e0yyLM59YAaPmTWb6hPIC0CBaCasg2GJ&sz=w1200
IMG_2007.JPG,2007,1NkjAXLvaLHkQsFS5ioqmLtiMiKk52ao3,5896371,5.62,2024-09-28T06:48:08Z,2024-09-28 01:48:08,A,2024-09-27,Friday night,https://drive.google.com/file/d/1NkjAXLvaLHkQsFS5ioqmLtiMiKk52ao3/view,https://drive.google.com/uc?export=download&id=1NkjAXLvaLHkQsFS5ioqmLtiMiKk52ao3,https://drive.google.com/thumbnail?id=1NkjAXLvaLHkQsFS5ioqmLtiMiKk52ao3&sz=w1200
IMG_2008.JPG,2008,1oCmVWjMwL1Rb3fBAgvi_mdVuLJkeCCS0,5597177,5.34,2024-09-28T06:48:28Z,2024-09-28 01:48:28,A,2024-09-27,Friday night,https://drive.google.com/file/d/1oCmVWjMwL1Rb3fBAgvi_mdVuLJkeCCS0/view,https://drive.google.com/uc?export=download&id=1oCmVWjMwL1Rb3fBAgvi_mdVuLJkeCCS0,https://drive.google.com/thumbnail?id=1oCmVWjMwL1Rb3fBAgvi_mdVuLJkeCCS0&sz=w1200
IMG_2009.JPG,2009,1bbLPdiShi-Aw_FRQ9ArQ9EQ8O73EObMF,5754948,5.49,2024-09-28T06:49:21Z,2024-09-28 01:49:21,A,2024-09-27,Friday night,https://drive.google.com/file/d/1bbLPdiShi-Aw_FRQ9ArQ9EQ8O73EObMF/view,https://drive.google.com/uc?export=download&id=1bbLPdiShi-Aw_FRQ9ArQ9EQ8O73EObMF,https://drive.google.com/thumbnail?id=1bbLPdiShi-Aw_FRQ9ArQ9EQ8O73EObMF&sz=w1200
IMG_2010.JPG,2010,1kzEFrkr9JtYBVT54P-CxOkdHybGiUvyP,3976422,3.79,2024-09-28T06:49:27Z,2024-09-28 01:49:27,A,2024-09-27,Friday night,https://drive.google.com/file/d/1kzEFrkr9JtYBVT54P-CxOkdHybGiUvyP/view,https://drive.google.com/uc?export=download&id=1kzEFrkr9JtYBVT54P-CxOkdHybGiUvyP,https://drive.google.com/thumbnail?id=1kzEFrkr9JtYBVT54P-CxOkdHybGiUvyP&sz=w1200
IMG_2011.JPG,2011,1tvcPjSbAEq0ZR-O6PxAvi2X1WzU6rvOW,4699595,4.48,2024-09-28T06:49:33Z,2024-09-28 01:49:33,A,2024-09-27,Friday night,https://drive.google.com/file/d/1tvcPjSbAEq0ZR-O6PxAvi2X1WzU6rvOW/view,https://drive.google.com/uc?export=download&id=1tvcPjSbAEq0ZR-O6PxAvi2X1WzU6rvOW,https://drive.google.com/thumbnail?id=1tvcPjSbAEq0ZR-O6PxAvi2X1WzU6rvOW&sz=w1200
IMG_2013.JPG,2013,1AKbRCc4b42dJ2cgg1-3s2fA5iD6OoBt3,5862945,5.59,2024-09-28T06:49:44Z,2024-09-28 01:49:44,A,2024-09-27,Friday night,https://drive.google.com/file/d/1AKbRCc4b42dJ2cgg1-3s2fA5iD6OoBt3/view,https://drive.google.com/uc?export=download&id=1AKbRCc4b42dJ2cgg1-3s2fA5iD6OoBt3,https://drive.google.com/thumbnail?id=1AKbRCc4b42dJ2cgg1-3s2fA5iD6OoBt3&sz=w1200
IMG_2014.JPG,2014,11WsRacAP1KKHqstx5Mi5yXyLRUpZB7iN,5955631,5.68,2024-09-28T06:50:13Z,2024-09-28 01:50:13,A,2024-09-27,Friday night,https://drive.google.com/file/d/11WsRacAP1KKHqstx5Mi5yXyLRUpZB7iN/view,https://drive.google.com/uc?export=download&id=11WsRacAP1KKHqstx5Mi5yXyLRUpZB7iN,https://drive.google.com/thumbnail?id=11WsRacAP1KKHqstx5Mi5yXyLRUpZB7iN&sz=w1200
IMG_2015.JPG,2015,1kxlULqgVJ9yjPeLbzQgWC2aKwZHq3KGs,6106434,5.82,2024-09-28T06:50:16Z,2024-09-28 01:50:16,A,2024-09-27,Friday night,https://drive.google.com/file/d/1kxlULqgVJ9yjPeLbzQgWC2aKwZHq3KGs/view,https://drive.google.com/uc?export=download&id=1kxlULqgVJ9yjPeLbzQgWC2aKwZHq3KGs,https://drive.google.com/thumbnail?id=1kxlULqgVJ9yjPeLbzQgWC2aKwZHq3KGs&sz=w1200
IMG_2016.JPG,2016,1vNutJANzP0C__kjn5BPpzUwDxhp_f3qu,5562757,5.31,2024-09-28T06:52:31Z,2024-09-28 01:52:31,A,2024-09-27,Friday night,https://drive.google.com/file/d/1vNutJANzP0C__kjn5BPpzUwDxhp_f3qu/view,https://drive.google.com/uc?export=download&id=1vNutJANzP0C__kjn5BPpzUwDxhp_f3qu,https://drive.google.com/thumbnail?id=1vNutJANzP0C__kjn5BPpzUwDxhp_f3qu&sz=w1200
IMG_2017.JPG,2017,1QjEmMRn5sNHyj65nJaRrS_JGgreI4wNV,5642909,5.38,2024-09-28T06:52:40Z,2024-09-28 01:52:40,A,2024-09-27,Friday night,https://drive.google.com/file/d/1QjEmMRn5sNHyj65nJaRrS_JGgreI4wNV/view,https://drive.google.com/uc?export=download&id=1QjEmMRn5sNHyj65nJaRrS_JGgreI4wNV,https://drive.google.com/thumbnail?id=1QjEmMRn5sNHyj65nJaRrS_JGgreI4wNV&sz=w1200
IMG_2018.JPG,2018,1BVMUg_fNUvMgPjJ8rYD2RWwgE63xeLY1,4944723,4.72,2024-09-28T06:52:42Z,2024-09-28 01:52:42,A,2024-09-27,Friday night,https://drive.google.com/file/d/1BVMUg_fNUvMgPjJ8rYD2RWwgE63xeLY1/view,https://drive.google.com/uc?export=download&id=1BVMUg_fNUvMgPjJ8rYD2RWwgE63xeLY1,https://drive.google.com/thumbnail?id=1BVMUg_fNUvMgPjJ8rYD2RWwgE63xeLY1&sz=w1200
IMG_2019.JPG,2019,1ClgZZWlq_-CLmyYMoE4Jxe2CNmjXGsHY,5260475,5.02,2024-09-28T06:52:45Z,2024-09-28 01:52:45,A,2024-09-27,Friday night,https://drive.google.com/file/d/1ClgZZWlq_-CLmyYMoE4Jxe2CNmjXGsHY/view,https://drive.google.com/uc?export=download&id=1ClgZZWlq_-CLmyYMoE4Jxe2CNmjXGsHY,https://drive.google.com/thumbnail?id=1ClgZZWlq_-CLmyYMoE4Jxe2CNmjXGsHY&sz=w1200
IMG_2020.JPG,2020,1T9h3AyeRfu6mbBQP2IDrd32EVO984U4b,5548858,5.29,2024-09-28T06:55:15Z,2024-09-28 01:55:15,A,2024-09-27,Friday night,https://drive.google.com/file/d/1T9h3AyeRfu6mbBQP2IDrd32EVO984U4b/view,https://drive.google.com/uc?export=download&id=1T9h3AyeRfu6mbBQP2IDrd32EVO984U4b,https://drive.google.com/thumbnail?id=1T9h3AyeRfu6mbBQP2IDrd32EVO984U4b&sz=w1200
IMG_2021.JPG,2021,1NrdTelre7Dzl7TGU67kMVvxxvoE_XDyq,5712103,5.45,2024-09-28T06:55:18Z,2024-09-28 01:55:18,A,2024-09-27,Friday night,https://drive.google.com/file/d/1NrdTelre7Dzl7TGU67kMVvxxvoE_XDyq/view,https://drive.google.com/uc?export=download&id=1NrdTelre7Dzl7TGU67kMVvxxvoE_XDyq,https://drive.google.com/thumbnail?id=1NrdTelre7Dzl7TGU67kMVvxxvoE_XDyq&sz=w1200
IMG_2022.JPG,2022,1SvzfLljmPxXvy-iP7e-UbnytRpUfQYp5,5110083,4.87,2024-09-28T06:55:20Z,2024-09-28 01:55:20,A,2024-09-27,Friday night,https://drive.google.com/file/d/1SvzfLljmPxXvy-iP7e-UbnytRpUfQYp5/view,https://drive.google.com/uc?export=download&id=1SvzfLljmPxXvy-iP7e-UbnytRpUfQYp5,https://drive.google.com/thumbnail?id=1SvzfLljmPxXvy-iP7e-UbnytRpUfQYp5&sz=w1200
IMG_2023.JPG,2023,1UnsWj_T9E7Hlu6w08Xks3l5vDGbWpSfU,4494139,4.29,2024-09-28T06:56:02Z,2024-09-28 01:56:02,A,2024-09-27,Friday night,https://drive.google.com/file/d/1UnsWj_T9E7Hlu6w08Xks3l5vDGbWpSfU/view,https://drive.google.com/uc?export=download&id=1UnsWj_T9E7Hlu6w08Xks3l5vDGbWpSfU,https://drive.google.com/thumbnail?id=1UnsWj_T9E7Hlu6w08Xks3l5vDGbWpSfU&sz=w1200
IMG_2024.JPG,2024,1Q8GHVRT2x15tkpYjp8ZhJD8dQwudrdOD,4466881,4.26,2024-09-28T06:56:05Z,2024-09-28 01:56:05,A,2024-09-27,Friday night,https://drive.google.com/file/d/1Q8GHVRT2x15tkpYjp8ZhJD8dQwudrdOD/view,https://drive.google.com/uc?export=download&id=1Q8GHVRT2x15tkpYjp8ZhJD8dQwudrdOD,https://drive.google.com/thumbnail?id=1Q8GHVRT2x15tkpYjp8ZhJD8dQwudrdOD&sz=w1200
IMG_2025.JPG,2025,18s7ACxNsIVJG-XrduDHIFX0LP6x6naXA,4697916,4.48,2024-09-28T07:00:19Z,2024-09-28 02:00:19,A,2024-09-27,Friday night,https://drive.google.com/file/d/18s7ACxNsIVJG-XrduDHIFX0LP6x6naXA/view,https://drive.google.com/uc?export=download&id=18s7ACxNsIVJG-XrduDHIFX0LP6x6naXA,https://drive.google.com/thumbnail?id=18s7ACxNsIVJG-XrduDHIFX0LP6x6naXA&sz=w1200
IMG_2026.JPG,2026,1668CS6vfv9hUb4cRLYkN-Pet786FiiG8,5151423,4.91,2024-09-28T07:00:22Z,2024-09-28 02:00:22,A,2024-09-27,Friday night,https://drive.google.com/file/d/1668CS6vfv9hUb4cRLYkN-Pet786FiiG8/view,https://drive.google.com/uc?export=download&id=1668CS6vfv9hUb4cRLYkN-Pet786FiiG8,https://drive.google.com/thumbnail?id=1668CS6vfv9hUb4cRLYkN-Pet786FiiG8&sz=w1200
IMG_2027.JPG,2027,1JVu9oyLQriWoa2nwx5xw39d-Zvf40eST,4706085,4.49,2024-09-28T07:00:23Z,2024-09-28 02:00:23,A,2024-09-27,Friday night,https://drive.google.com/file/d/1JVu9oyLQriWoa2nwx5xw39d-Zvf40eST/view,https://drive.google.com/uc?export=download&id=1JVu9oyLQriWoa2nwx5xw39d-Zvf40eST,https://drive.google.com/thumbnail?id=1JVu9oyLQriWoa2nwx5xw39d-Zvf40eST&sz=w1200
IMG_2028.JPG,2028,1kZUuicWK9wJUNtoQxtigtGBKGXTtA8Kh,5303369,5.06,2024-09-28T07:01:23Z,2024-09-28 02:01:23,A,2024-09-27,Friday night,https://drive.google.com/file/d/1kZUuicWK9wJUNtoQxtigtGBKGXTtA8Kh/view,https://drive.google.com/uc?export=download&id=1kZUuicWK9wJUNtoQxtigtGBKGXTtA8Kh,https://drive.google.com/thumbnail?id=1kZUuicWK9wJUNtoQxtigtGBKGXTtA8Kh&sz=w1200
IMG_2029.JPG,2029,11mO7EsyKP4vT9Pv-C5gQ-RGvQAzkA51D,5176844,4.94,2024-09-28T07:01:46Z,2024-09-28 02:01:46,A,2024-09-27,Friday night,https://drive.google.com/file/d/11mO7EsyKP4vT9Pv-C5gQ-RGvQAzkA51D/view,https://drive.google.com/uc?export=download&id=11mO7EsyKP4vT9Pv-C5gQ-RGvQAzkA51D,https://drive.google.com/thumbnail?id=11mO7EsyKP4vT9Pv-C5gQ-RGvQAzkA51D&sz=w1200
IMG_2030.JPG,2030,1l-9r2MUmNujU_HB1M0hq3wSlRCyR4VUf,5858297,5.59,2024-09-28T07:01:50Z,2024-09-28 02:01:50,A,2024-09-27,Friday night,https://drive.google.com/file/d/1l-9r2MUmNujU_HB1M0hq3wSlRCyR4VUf/view,https://drive.google.com/uc?export=download&id=1l-9r2MUmNujU_HB1M0hq3wSlRCyR4VUf,https://drive.google.com/thumbnail?id=1l-9r2MUmNujU_HB1M0hq3wSlRCyR4VUf&sz=w1200
IMG_2031.JPG,2031,1ce5eOyE-6fTP2sAmydNZld6ii34l-IZt,5057209,4.82,2024-09-28T07:02:47Z,2024-09-28 02:02:47,A,2024-09-27,Friday night,https://drive.google.com/file/d/1ce5eOyE-6fTP2sAmydNZld6ii34l-IZt/view,https://drive.google.com/uc?export=download&id=1ce5eOyE-6fTP2sAmydNZld6ii34l-IZt,https://drive.google.com/thumbnail?id=1ce5eOyE-6fTP2sAmydNZld6ii34l-IZt&sz=w1200
IMG_2032.JPG,2032,1lIhmYz6fXNSVIHao76OvfTqIHVDn9W1L,4546080,4.34,2024-09-28T07:02:56Z,2024-09-28 02:02:56,A,2024-09-27,Friday night,https://drive.google.com/file/d/1lIhmYz6fXNSVIHao76OvfTqIHVDn9W1L/view,https://drive.google.com/uc?export=download&id=1lIhmYz6fXNSVIHao76OvfTqIHVDn9W1L,https://drive.google.com/thumbnail?id=1lIhmYz6fXNSVIHao76OvfTqIHVDn9W1L&sz=w1200
IMG_2033.JPG,2033,16akeGMndUq__3qTlsORNr2ij9ywxgBpw,5312780,5.07,2024-09-28T07:03:14Z,2024-09-28 02:03:14,A,2024-09-27,Friday night,https://drive.google.com/file/d/16akeGMndUq__3qTlsORNr2ij9ywxgBpw/view,https://drive.google.com/uc?export=download&id=16akeGMndUq__3qTlsORNr2ij9ywxgBpw,https://drive.google.com/thumbnail?id=16akeGMndUq__3qTlsORNr2ij9ywxgBpw&sz=w1200
IMG_2034.JPG,2034,15J3FvMuZnzMB2izv85SrWMwGaHK939dp,5687143,5.42,2024-09-28T07:04:36Z,2024-09-28 02:04:36,A,2024-09-27,Friday night,https://drive.google.com/file/d/15J3FvMuZnzMB2izv85SrWMwGaHK939dp/view,https://drive.google.com/uc?export=download&id=15J3FvMuZnzMB2izv85SrWMwGaHK939dp,https://drive.google.com/thumbnail?id=15J3FvMuZnzMB2izv85SrWMwGaHK939dp&sz=w1200
IMG_2035.JPG,2035,1hw1R1sO9yu6DSH8iFrZAzys132Tyza6f,4394205,4.19,2024-09-28T07:06:52Z,2024-09-28 02:06:52,A,2024-09-27,Friday night,https://drive.google.com/file/d/1hw1R1sO9yu6DSH8iFrZAzys132Tyza6f/view,https://drive.google.com/uc?export=download&id=1hw1R1sO9yu6DSH8iFrZAzys132Tyza6f,https://drive.google.com/thumbnail?id=1hw1R1sO9yu6DSH8iFrZAzys132Tyza6f&sz=w1200
IMG_2036.JPG,2036,1jPBvMzLWa19By-ogjnSJzrxLwP203uob,5646221,5.38,2024-09-28T07:07:45Z,2024-09-28 02:07:45,A,2024-09-27,Friday night,https://drive.google.com/file/d/1jPBvMzLWa19By-ogjnSJzrxLwP203uob/view,https://drive.google.com/uc?export=download&id=1jPBvMzLWa19By-ogjnSJzrxLwP203uob,https://drive.google.com/thumbnail?id=1jPBvMzLWa19By-ogjnSJzrxLwP203uob&sz=w1200
IMG_2037.JPG,2037,1EXrt6dKZhF6LVCCjxpgxOPWa6VgC2WEN,5464631,5.21,2024-09-28T07:07:52Z,2024-09-28 02:07:52,A,2024-09-27,Friday night,https://drive.google.com/file/d/1EXrt6dKZhF6LVCCjxpgxOPWa6VgC2WEN/view,https://drive.google.com/uc?export=download&id=1EXrt6dKZhF6LVCCjxpgxOPWa6VgC2WEN,https://drive.google.com/thumbnail?id=1EXrt6dKZhF6LVCCjxpgxOPWa6VgC2WEN&sz=w1200
IMG_2039.JPG,2039,19cl5VdpAMDHL-oGf6ZlOFaL7xeSB-aVu,4861380,4.64,2024-09-28T07:09:17Z,2024-09-28 02:09:17,A,2024-09-27,Friday night,https://drive.google.com/file/d/19cl5VdpAMDHL-oGf6ZlOFaL7xeSB-aVu/view,https://drive.google.com/uc?export=download&id=19cl5VdpAMDHL-oGf6ZlOFaL7xeSB-aVu,https://drive.google.com/thumbnail?id=19cl5VdpAMDHL-oGf6ZlOFaL7xeSB-aVu&sz=w1200
IMG_2040.JPG,2040,1GM_RfWinuFMPyuB6-O4RDmahdIzEZxpC,5746765,5.48,2024-09-28T07:09:29Z,2024-09-28 02:09:29,A,2024-09-27,Friday night,https://drive.google.com/file/d/1GM_RfWinuFMPyuB6-O4RDmahdIzEZxpC/view,https://drive.google.com/uc?export=download&id=1GM_RfWinuFMPyuB6-O4RDmahdIzEZxpC,https://drive.google.com/thumbnail?id=1GM_RfWinuFMPyuB6-O4RDmahdIzEZxpC&sz=w1200
IMG_2041.JPG,2041,1CkuBkPO0bxzmR2uvNtiHRZ-Piq8ABsGG,5301511,5.06,2024-09-28T07:09:33Z,2024-09-28 02:09:33,A,2024-09-27,Friday night,https://drive.google.com/file/d/1CkuBkPO0bxzmR2uvNtiHRZ-Piq8ABsGG/view,https://drive.google.com/uc?export=download&id=1CkuBkPO0bxzmR2uvNtiHRZ-Piq8ABsGG,https://drive.google.com/thumbnail?id=1CkuBkPO0bxzmR2uvNtiHRZ-Piq8ABsGG&sz=w1200
IMG_2042.JPG,2042,1mmaNjE_IU2I4ieQZ3CWkQuC5CEB1kt9B,5496033,5.24,2024-09-28T07:09:36Z,2024-09-28 02:09:36,A,2024-09-27,Friday night,https://drive.google.com/file/d/1mmaNjE_IU2I4ieQZ3CWkQuC5CEB1kt9B/view,https://drive.google.com/uc?export=download&id=1mmaNjE_IU2I4ieQZ3CWkQuC5CEB1kt9B,https://drive.google.com/thumbnail?id=1mmaNjE_IU2I4ieQZ3CWkQuC5CEB1kt9B&sz=w1200
IMG_2043.JPG,2043,1rCDxqymXLJhdAQhZKcvtr24Bd-WMBU8S,5265579,5.02,2024-09-28T07:09:43Z,2024-09-28 02:09:43,A,2024-09-27,Friday night,https://drive.google.com/file/d/1rCDxqymXLJhdAQhZKcvtr24Bd-WMBU8S/view,https://drive.google.com/uc?export=download&id=1rCDxqymXLJhdAQhZKcvtr24Bd-WMBU8S,https://drive.google.com/thumbnail?id=1rCDxqymXLJhdAQhZKcvtr24Bd-WMBU8S&sz=w1200
IMG_2044.JPG,2044,1Tei9M9cw4j8vdMg6gGsEQ27Hq4wmcCBS,4901298,4.67,2024-09-28T07:09:50Z,2024-09-28 02:09:50,A,2024-09-27,Friday night,https://drive.google.com/file/d/1Tei9M9cw4j8vdMg6gGsEQ27Hq4wmcCBS/view,https://drive.google.com/uc?export=download&id=1Tei9M9cw4j8vdMg6gGsEQ27Hq4wmcCBS,https://drive.google.com/thumbnail?id=1Tei9M9cw4j8vdMg6gGsEQ27Hq4wmcCBS&sz=w1200
IMG_2046.JPG,2046,1otjZjTghD2BWloxJ7odEpvOZu8xW56G3,5266218,5.02,2024-09-28T07:10:01Z,2024-09-28 02:10:01,A,2024-09-27,Friday night,https://drive.google.com/file/d/1otjZjTghD2BWloxJ7odEpvOZu8xW56G3/view,https://drive.google.com/uc?export=download&id=1otjZjTghD2BWloxJ7odEpvOZu8xW56G3,https://drive.google.com/thumbnail?id=1otjZjTghD2BWloxJ7odEpvOZu8xW56G3&sz=w1200
IMG_2047.JPG,2047,1Qk_jACG9jBT655R9_HnjWO537zEjXHkL,4955239,4.73,2024-09-28T07:14:37Z,2024-09-28 02:14:37,A,2024-09-27,Friday night,https://drive.google.com/file/d/1Qk_jACG9jBT655R9_HnjWO537zEjXHkL/view,https://drive.google.com/uc?export=download&id=1Qk_jACG9jBT655R9_HnjWO537zEjXHkL,https://drive.google.com/thumbnail?id=1Qk_jACG9jBT655R9_HnjWO537zEjXHkL&sz=w1200
IMG_2048.JPG,2048,1TL_GGthl1RO13g8XjsBxVTyb-StmFnlP,5939577,5.66,2024-09-28T07:15:35Z,2024-09-28 02:15:35,A,2024-09-27,Friday night,https://drive.google.com/file/d/1TL_GGthl1RO13g8XjsBxVTyb-StmFnlP/view,https://drive.google.com/uc?export=download&id=1TL_GGthl1RO13g8XjsBxVTyb-StmFnlP,https://drive.google.com/thumbnail?id=1TL_GGthl1RO13g8XjsBxVTyb-StmFnlP&sz=w1200
IMG_2050.JPG,2050,1x7_MRhZ-4FBc-t59X9ODq55BonLaa12N,4965627,4.74,2024-09-28T07:16:43Z,2024-09-28 02:16:43,A,2024-09-27,Friday night,https://drive.google.com/file/d/1x7_MRhZ-4FBc-t59X9ODq55BonLaa12N/view,https://drive.google.com/uc?export=download&id=1x7_MRhZ-4FBc-t59X9ODq55BonLaa12N,https://drive.google.com/thumbnail?id=1x7_MRhZ-4FBc-t59X9ODq55BonLaa12N&sz=w1200
IMG_2051.JPG,2051,1BRDP6jT2nklXNWjuFbdkapuJ4we8mx0g,5531029,5.27,2024-09-28T07:16:52Z,2024-09-28 02:16:52,A,2024-09-27,Friday night,https://drive.google.com/file/d/1BRDP6jT2nklXNWjuFbdkapuJ4we8mx0g/view,https://drive.google.com/uc?export=download&id=1BRDP6jT2nklXNWjuFbdkapuJ4we8mx0g,https://drive.google.com/thumbnail?id=1BRDP6jT2nklXNWjuFbdkapuJ4we8mx0g&sz=w1200
IMG_2052.JPG,2052,1gf3r2GuVqJ36tXJJixg3e4MV-7ZY0YEG,5792550,5.52,2024-09-28T07:18:01Z,2024-09-28 02:18:01,A,2024-09-27,Friday night,https://drive.google.com/file/d/1gf3r2GuVqJ36tXJJixg3e4MV-7ZY0YEG/view,https://drive.google.com/uc?export=download&id=1gf3r2GuVqJ36tXJJixg3e4MV-7ZY0YEG,https://drive.google.com/thumbnail?id=1gf3r2GuVqJ36tXJJixg3e4MV-7ZY0YEG&sz=w1200
IMG_2053.JPG,2053,1qqyDjqpGu4u-VWtijqpdFSVhxFJO6km9,5548629,5.29,2024-09-28T07:18:03Z,2024-09-28 02:18:03,A,2024-09-27,Friday night,https://drive.google.com/file/d/1qqyDjqpGu4u-VWtijqpdFSVhxFJO6km9/view,https://drive.google.com/uc?export=download&id=1qqyDjqpGu4u-VWtijqpdFSVhxFJO6km9,https://drive.google.com/thumbnail?id=1qqyDjqpGu4u-VWtijqpdFSVhxFJO6km9&sz=w1200
IMG_2054.JPG,2054,1Q95MJSJ8Y2uoNghQkB5fOiED8-g-ALKg,6383621,6.09,2024-09-28T07:18:40Z,2024-09-28 02:18:40,A,2024-09-27,Friday night,https://drive.google.com/file/d/1Q95MJSJ8Y2uoNghQkB5fOiED8-g-ALKg/view,https://drive.google.com/uc?export=download&id=1Q95MJSJ8Y2uoNghQkB5fOiED8-g-ALKg,https://drive.google.com/thumbnail?id=1Q95MJSJ8Y2uoNghQkB5fOiED8-g-ALKg&sz=w1200
IMG_2055.JPG,2055,1CEAJyKlZIOu7UAt5bcRQp5nwCTEnplRp,6386826,6.09,2024-09-28T07:18:43Z,2024-09-28 02:18:43,A,2024-09-27,Friday night,https://drive.google.com/file/d/1CEAJyKlZIOu7UAt5bcRQp5nwCTEnplRp/view,https://drive.google.com/uc?export=download&id=1CEAJyKlZIOu7UAt5bcRQp5nwCTEnplRp,https://drive.google.com/thumbnail?id=1CEAJyKlZIOu7UAt5bcRQp5nwCTEnplRp&sz=w1200
IMG_2056.JPG,2056,10W2Y5UieemY_hBaA30Zv0jTNGQ8YlUJ2,7219848,6.89,2024-09-28T07:19:10Z,2024-09-28 02:19:10,A,2024-09-27,Friday night,https://drive.google.com/file/d/10W2Y5UieemY_hBaA30Zv0jTNGQ8YlUJ2/view,https://drive.google.com/uc?export=download&id=10W2Y5UieemY_hBaA30Zv0jTNGQ8YlUJ2,https://drive.google.com/thumbnail?id=10W2Y5UieemY_hBaA30Zv0jTNGQ8YlUJ2&sz=w1200
IMG_2057.JPG,2057,10WBvVCO_uBFYQdjV_XCmBpGUWoe7gg0a,6760267,6.45,2024-09-28T07:19:12Z,2024-09-28 02:19:12,A,2024-09-27,Friday night,https://drive.google.com/file/d/10WBvVCO_uBFYQdjV_XCmBpGUWoe7gg0a/view,https://drive.google.com/uc?export=download&id=10WBvVCO_uBFYQdjV_XCmBpGUWoe7gg0a,https://drive.google.com/thumbnail?id=10WBvVCO_uBFYQdjV_XCmBpGUWoe7gg0a&sz=w1200
IMG_2058.JPG,2058,1WCpxajXKlYYJDsWENNQ6XJDc852OyFPk,5743271,5.48,2024-09-28T07:19:28Z,2024-09-28 02:19:28,A,2024-09-27,Friday night,https://drive.google.com/file/d/1WCpxajXKlYYJDsWENNQ6XJDc852OyFPk/view,https://drive.google.com/uc?export=download&id=1WCpxajXKlYYJDsWENNQ6XJDc852OyFPk,https://drive.google.com/thumbnail?id=1WCpxajXKlYYJDsWENNQ6XJDc852OyFPk&sz=w1200
IMG_2060.JPG,2060,1HKW7LIUguqpoWiprUdUV7-lJYqo3h3Bo,5192676,4.95,2024-09-28T07:19:31Z,2024-09-28 02:19:31,A,2024-09-27,Friday night,https://drive.google.com/file/d/1HKW7LIUguqpoWiprUdUV7-lJYqo3h3Bo/view,https://drive.google.com/uc?export=download&id=1HKW7LIUguqpoWiprUdUV7-lJYqo3h3Bo,https://drive.google.com/thumbnail?id=1HKW7LIUguqpoWiprUdUV7-lJYqo3h3Bo&sz=w1200
IMG_2061.JPG,2061,1-zhZroJ0aCaZ6waVuZrUDFTlyq-Wr7I_,5066738,4.83,2024-09-28T07:19:32Z,2024-09-28 02:19:32,A,2024-09-27,Friday night,https://drive.google.com/file/d/1-zhZroJ0aCaZ6waVuZrUDFTlyq-Wr7I_/view,https://drive.google.com/uc?export=download&id=1-zhZroJ0aCaZ6waVuZrUDFTlyq-Wr7I_,https://drive.google.com/thumbnail?id=1-zhZroJ0aCaZ6waVuZrUDFTlyq-Wr7I_&sz=w1200
IMG_2062.JPG,2062,18BrZNdQmJYAWiZSVr-_rP8obdQhijIjt,6202345,5.92,2024-09-28T07:19:35Z,2024-09-28 02:19:35,A,2024-09-27,Friday night,https://drive.google.com/file/d/18BrZNdQmJYAWiZSVr-_rP8obdQhijIjt/view,https://drive.google.com/uc?export=download&id=18BrZNdQmJYAWiZSVr-_rP8obdQhijIjt,https://drive.google.com/thumbnail?id=18BrZNdQmJYAWiZSVr-_rP8obdQhijIjt&sz=w1200
IMG_2063.JPG,2063,10dyYSejQJeXNlZtkiVj3H09gNj04dHA6,4674872,4.46,2024-09-28T07:21:27Z,2024-09-28 02:21:27,A,2024-09-27,Friday night,https://drive.google.com/file/d/10dyYSejQJeXNlZtkiVj3H09gNj04dHA6/view,https://drive.google.com/uc?export=download&id=10dyYSejQJeXNlZtkiVj3H09gNj04dHA6,https://drive.google.com/thumbnail?id=10dyYSejQJeXNlZtkiVj3H09gNj04dHA6&sz=w1200
IMG_2064.JPG,2064,19OBf2tdkY9qqHdV96lTGjJDMMJa9Duii,5283066,5.04,2024-09-28T07:21:30Z,2024-09-28 02:21:30,A,2024-09-27,Friday night,https://drive.google.com/file/d/19OBf2tdkY9qqHdV96lTGjJDMMJa9Duii/view,https://drive.google.com/uc?export=download&id=19OBf2tdkY9qqHdV96lTGjJDMMJa9Duii,https://drive.google.com/thumbnail?id=19OBf2tdkY9qqHdV96lTGjJDMMJa9Duii&sz=w1200
IMG_2065.JPG,2065,13rYD7xhLWBDPXfdTd6yAOP4yGSA6SN3M,5523492,5.27,2024-09-28T07:25:22Z,2024-09-28 02:25:22,A,2024-09-27,Friday night,https://drive.google.com/file/d/13rYD7xhLWBDPXfdTd6yAOP4yGSA6SN3M/view,https://drive.google.com/uc?export=download&id=13rYD7xhLWBDPXfdTd6yAOP4yGSA6SN3M,https://drive.google.com/thumbnail?id=13rYD7xhLWBDPXfdTd6yAOP4yGSA6SN3M&sz=w1200
IMG_2066.JPG,2066,1UkmVtYV6tFvQb1D9wrxcNBmC5bUS2HqQ,4252735,4.06,2024-09-28T07:27:24Z,2024-09-28 02:27:24,A,2024-09-27,Friday night,https://drive.google.com/file/d/1UkmVtYV6tFvQb1D9wrxcNBmC5bUS2HqQ/view,https://drive.google.com/uc?export=download&id=1UkmVtYV6tFvQb1D9wrxcNBmC5bUS2HqQ,https://drive.google.com/thumbnail?id=1UkmVtYV6tFvQb1D9wrxcNBmC5bUS2HqQ&sz=w1200
IMG_2068.JPG,2068,17tMYzoJQRdpbrMJnihUAZ2yXkA2-udEO,4467743,4.26,2024-09-28T07:27:29Z,2024-09-28 02:27:29,A,2024-09-27,Friday night,https://drive.google.com/file/d/17tMYzoJQRdpbrMJnihUAZ2yXkA2-udEO/view,https://drive.google.com/uc?export=download&id=17tMYzoJQRdpbrMJnihUAZ2yXkA2-udEO,https://drive.google.com/thumbnail?id=17tMYzoJQRdpbrMJnihUAZ2yXkA2-udEO&sz=w1200
IMG_2069.JPG,2069,1pRZtqE-ejNoDs-AkgOVLdeYRi-DegcyW,4799421,4.58,2024-09-28T07:29:03Z,2024-09-28 02:29:03,A,2024-09-27,Friday night,https://drive.google.com/file/d/1pRZtqE-ejNoDs-AkgOVLdeYRi-DegcyW/view,https://drive.google.com/uc?export=download&id=1pRZtqE-ejNoDs-AkgOVLdeYRi-DegcyW,https://drive.google.com/thumbnail?id=1pRZtqE-ejNoDs-AkgOVLdeYRi-DegcyW&sz=w1200
IMG_2070.JPG,2070,1acMJTInPzs2SGcu0vZIvg_UP4uATXlON,5396315,5.15,2024-09-28T07:31:58Z,2024-09-28 02:31:58,A,2024-09-27,Friday night,https://drive.google.com/file/d/1acMJTInPzs2SGcu0vZIvg_UP4uATXlON/view,https://drive.google.com/uc?export=download&id=1acMJTInPzs2SGcu0vZIvg_UP4uATXlON,https://drive.google.com/thumbnail?id=1acMJTInPzs2SGcu0vZIvg_UP4uATXlON&sz=w1200
IMG_2071.JPG,2071,1goc4iz2hyLbnV3j5o9mDM78ALRe48B-Q,5793259,5.52,2024-09-28T07:32:00Z,2024-09-28 02:32:00,A,2024-09-27,Friday night,https://drive.google.com/file/d/1goc4iz2hyLbnV3j5o9mDM78ALRe48B-Q/view,https://drive.google.com/uc?export=download&id=1goc4iz2hyLbnV3j5o9mDM78ALRe48B-Q,https://drive.google.com/thumbnail?id=1goc4iz2hyLbnV3j5o9mDM78ALRe48B-Q&sz=w1200
IMG_2072.JPG,2072,1SbKCBnTNMTmUSUI_9FzAf15QfOxEJlxt,5807687,5.54,2024-09-28T07:33:00Z,2024-09-28 02:33:00,A,2024-09-27,Friday night,https://drive.google.com/file/d/1SbKCBnTNMTmUSUI_9FzAf15QfOxEJlxt/view,https://drive.google.com/uc?export=download&id=1SbKCBnTNMTmUSUI_9FzAf15QfOxEJlxt,https://drive.google.com/thumbnail?id=1SbKCBnTNMTmUSUI_9FzAf15QfOxEJlxt&sz=w1200
IMG_2073.JPG,2073,1KeZ1rCfYNn9n6cdHmxwP0gRHVCX1OCln,5557206,5.3,2024-09-28T07:33:02Z,2024-09-28 02:33:02,A,2024-09-27,Friday night,https://drive.google.com/file/d/1KeZ1rCfYNn9n6cdHmxwP0gRHVCX1OCln/view,https://drive.google.com/uc?export=download&id=1KeZ1rCfYNn9n6cdHmxwP0gRHVCX1OCln,https://drive.google.com/thumbnail?id=1KeZ1rCfYNn9n6cdHmxwP0gRHVCX1OCln&sz=w1200
IMG_2074.JPG,2074,1ta87gir40t75PRdNjHEzMAG0g30QI3EC,5919074,5.64,2024-09-28T07:33:05Z,2024-09-28 02:33:05,A,2024-09-27,Friday night,https://drive.google.com/file/d/1ta87gir40t75PRdNjHEzMAG0g30QI3EC/view,https://drive.google.com/uc?export=download&id=1ta87gir40t75PRdNjHEzMAG0g30QI3EC,https://drive.google.com/thumbnail?id=1ta87gir40t75PRdNjHEzMAG0g30QI3EC&sz=w1200
IMG_2075.JPG,2075,1lUZM_aAXfK_Hb4Rkyl9IOdKuTo8oZfrc,6077424,5.8,2024-09-28T07:33:19Z,2024-09-28 02:33:19,A,2024-09-27,Friday night,https://drive.google.com/file/d/1lUZM_aAXfK_Hb4Rkyl9IOdKuTo8oZfrc/view,https://drive.google.com/uc?export=download&id=1lUZM_aAXfK_Hb4Rkyl9IOdKuTo8oZfrc,https://drive.google.com/thumbnail?id=1lUZM_aAXfK_Hb4Rkyl9IOdKuTo8oZfrc&sz=w1200
IMG_2076.JPG,2076,1fUQ-rRJ7hyYlStq2ggnDrMtsXTSz0495,5923158,5.65,2024-09-28T07:33:21Z,2024-09-28 02:33:21,A,2024-09-27,Friday night,https://drive.google.com/file/d/1fUQ-rRJ7hyYlStq2ggnDrMtsXTSz0495/view,https://drive.google.com/uc?export=download&id=1fUQ-rRJ7hyYlStq2ggnDrMtsXTSz0495,https://drive.google.com/thumbnail?id=1fUQ-rRJ7hyYlStq2ggnDrMtsXTSz0495&sz=w1200
IMG_2077.JPG,2077,1Y2SmQjd_ulW-CIrkafzzN5gsspNPszEt,6192315,5.91,2024-09-28T07:33:22Z,2024-09-28 02:33:22,A,2024-09-27,Friday night,https://drive.google.com/file/d/1Y2SmQjd_ulW-CIrkafzzN5gsspNPszEt/view,https://drive.google.com/uc?export=download&id=1Y2SmQjd_ulW-CIrkafzzN5gsspNPszEt,https://drive.google.com/thumbnail?id=1Y2SmQjd_ulW-CIrkafzzN5gsspNPszEt&sz=w1200
IMG_2078.JPG,2078,1orkhpuO1VfluYeePZzVYCKXepY0YBBur,4716811,4.5,2024-09-28T07:33:47Z,2024-09-28 02:33:47,A,2024-09-27,Friday night,https://drive.google.com/file/d/1orkhpuO1VfluYeePZzVYCKXepY0YBBur/view,https://drive.google.com/uc?export=download&id=1orkhpuO1VfluYeePZzVYCKXepY0YBBur,https://drive.google.com/thumbnail?id=1orkhpuO1VfluYeePZzVYCKXepY0YBBur&sz=w1200
IMG_2079.JPG,2079,13PhAioM5sQcm6vPrKcAFSFxhgYpJ504O,5402704,5.15,2024-09-28T07:33:49Z,2024-09-28 02:33:49,A,2024-09-27,Friday night,https://drive.google.com/file/d/13PhAioM5sQcm6vPrKcAFSFxhgYpJ504O/view,https://drive.google.com/uc?export=download&id=13PhAioM5sQcm6vPrKcAFSFxhgYpJ504O,https://drive.google.com/thumbnail?id=13PhAioM5sQcm6vPrKcAFSFxhgYpJ504O&sz=w1200
IMG_2080.JPG,2080,1wYli_HPf8XwR53ksaAejtCjfpTU59J02,5262056,5.02,2024-09-28T07:33:53Z,2024-09-28 02:33:53,A,2024-09-27,Friday night,https://drive.google.com/file/d/1wYli_HPf8XwR53ksaAejtCjfpTU59J02/view,https://drive.google.com/uc?export=download&id=1wYli_HPf8XwR53ksaAejtCjfpTU59J02,https://drive.google.com/thumbnail?id=1wYli_HPf8XwR53ksaAejtCjfpTU59J02&sz=w1200
IMG_2081.JPG,2081,1NpcWzFWCnUtzWgSHypyUyqa3gJa-fmt4,5507765,5.25,2024-09-28T07:33:55Z,2024-09-28 02:33:55,A,2024-09-27,Friday night,https://drive.google.com/file/d/1NpcWzFWCnUtzWgSHypyUyqa3gJa-fmt4/view,https://drive.google.com/uc?export=download&id=1NpcWzFWCnUtzWgSHypyUyqa3gJa-fmt4,https://drive.google.com/thumbnail?id=1NpcWzFWCnUtzWgSHypyUyqa3gJa-fmt4&sz=w1200
IMG_2082.JPG,2082,1bJs7kRBQFoHQt4dNKIBX9IJSXExyxuNc,5154091,4.92,2024-09-28T07:34:53Z,2024-09-28 02:34:53,A,2024-09-27,Friday night,https://drive.google.com/file/d/1bJs7kRBQFoHQt4dNKIBX9IJSXExyxuNc/view,https://drive.google.com/uc?export=download&id=1bJs7kRBQFoHQt4dNKIBX9IJSXExyxuNc,https://drive.google.com/thumbnail?id=1bJs7kRBQFoHQt4dNKIBX9IJSXExyxuNc&sz=w1200
IMG_2083.JPG,2083,17ZyUwDuKfhKeaMPwQSSRt_sB39wEhjth,5444689,5.19,2024-09-28T07:34:55Z,2024-09-28 02:34:55,A,2024-09-27,Friday night,https://drive.google.com/file/d/17ZyUwDuKfhKeaMPwQSSRt_sB39wEhjth/view,https://drive.google.com/uc?export=download&id=17ZyUwDuKfhKeaMPwQSSRt_sB39wEhjth,https://drive.google.com/thumbnail?id=17ZyUwDuKfhKeaMPwQSSRt_sB39wEhjth&sz=w1200
IMG_2084.JPG,2084,1lZTfK-F3iJT2QMw2zG1MxFXY3uljjn_l,5138639,4.9,2024-09-28T07:35:12Z,2024-09-28 02:35:12,A,2024-09-27,Friday night,https://drive.google.com/file/d/1lZTfK-F3iJT2QMw2zG1MxFXY3uljjn_l/view,https://drive.google.com/uc?export=download&id=1lZTfK-F3iJT2QMw2zG1MxFXY3uljjn_l,https://drive.google.com/thumbnail?id=1lZTfK-F3iJT2QMw2zG1MxFXY3uljjn_l&sz=w1200
IMG_2085.JPG,2085,18iY0ragjCoOepwX8YSeO--EbzAIH5Dwg,4923083,4.7,2024-09-28T07:35:14Z,2024-09-28 02:35:14,A,2024-09-27,Friday night,https://drive.google.com/file/d/18iY0ragjCoOepwX8YSeO--EbzAIH5Dwg/view,https://drive.google.com/uc?export=download&id=18iY0ragjCoOepwX8YSeO--EbzAIH5Dwg,https://drive.google.com/thumbnail?id=18iY0ragjCoOepwX8YSeO--EbzAIH5Dwg&sz=w1200
IMG_2086.JPG,2086,1zlzuEAQSXAfV0S9qLc3K2-Sd1zBq5-b9,4824846,4.6,2024-09-28T07:42:00Z,2024-09-28 02:42:00,A,2024-09-27,Friday night,https://drive.google.com/file/d/1zlzuEAQSXAfV0S9qLc3K2-Sd1zBq5-b9/view,https://drive.google.com/uc?export=download&id=1zlzuEAQSXAfV0S9qLc3K2-Sd1zBq5-b9,https://drive.google.com/thumbnail?id=1zlzuEAQSXAfV0S9qLc3K2-Sd1zBq5-b9&sz=w1200
IMG_2087.JPG,2087,11QbeAPaclO2jb-AbNH-DbE9QtoEQaw1U,5039703,4.81,2024-09-28T07:42:03Z,2024-09-28 02:42:03,A,2024-09-27,Friday night,https://drive.google.com/file/d/11QbeAPaclO2jb-AbNH-DbE9QtoEQaw1U/view,https://drive.google.com/uc?export=download&id=11QbeAPaclO2jb-AbNH-DbE9QtoEQaw1U,https://drive.google.com/thumbnail?id=11QbeAPaclO2jb-AbNH-DbE9QtoEQaw1U&sz=w1200
IMG_2088.JPG,2088,1BwmlpEz5omiI5DsBW91P2F6pepxnoWGs,5726136,5.46,2024-09-28T07:43:08Z,2024-09-28 02:43:08,A,2024-09-27,Friday night,https://drive.google.com/file/d/1BwmlpEz5omiI5DsBW91P2F6pepxnoWGs/view,https://drive.google.com/uc?export=download&id=1BwmlpEz5omiI5DsBW91P2F6pepxnoWGs,https://drive.google.com/thumbnail?id=1BwmlpEz5omiI5DsBW91P2F6pepxnoWGs&sz=w1200
IMG_2091.JPG,2091,14-QbpSnQnRWUF6Q1_HaPetq19hUd_c65,4938714,4.71,2024-09-28T08:14:28Z,2024-09-28 03:14:28,A,2024-09-27,Friday night,https://drive.google.com/file/d/14-QbpSnQnRWUF6Q1_HaPetq19hUd_c65/view,https://drive.google.com/uc?export=download&id=14-QbpSnQnRWUF6Q1_HaPetq19hUd_c65,https://drive.google.com/thumbnail?id=14-QbpSnQnRWUF6Q1_HaPetq19hUd_c65&sz=w1200
IMG_2096.JPG,2096,1w_urmV6M1inC9OR73R1S0BvMzVye4LpA,5688471,5.42,2024-09-29T03:58:40Z,2024-09-28 22:58:40,B,2024-09-28,Saturday night,https://drive.google.com/file/d/1w_urmV6M1inC9OR73R1S0BvMzVye4LpA/view,https://drive.google.com/uc?export=download&id=1w_urmV6M1inC9OR73R1S0BvMzVye4LpA,https://drive.google.com/thumbnail?id=1w_urmV6M1inC9OR73R1S0BvMzVye4LpA&sz=w1200
IMG_2097.JPG,2097,1T2zlMy6dEOE56-SOL6x9OY9PNnHKH0gd,5660699,5.4,2024-09-29T03:58:42Z,2024-09-28 22:58:42,B,2024-09-28,Saturday night,https://drive.google.com/file/d/1T2zlMy6dEOE56-SOL6x9OY9PNnHKH0gd/view,https://drive.google.com/uc?export=download&id=1T2zlMy6dEOE56-SOL6x9OY9PNnHKH0gd,https://drive.google.com/thumbnail?id=1T2zlMy6dEOE56-SOL6x9OY9PNnHKH0gd&sz=w1200
IMG_2099.JPG,2099,1vHSOM34-zD8P51dlYY_I3eYA8MvJ1OQG,5665178,5.4,2024-09-29T03:59:14Z,2024-09-28 22:59:14,B,2024-09-28,Saturday night,https://drive.google.com/file/d/1vHSOM34-zD8P51dlYY_I3eYA8MvJ1OQG/view,https://drive.google.com/uc?export=download&id=1vHSOM34-zD8P51dlYY_I3eYA8MvJ1OQG,https://drive.google.com/thumbnail?id=1vHSOM34-zD8P51dlYY_I3eYA8MvJ1OQG&sz=w1200
IMG_2100.JPG,2100,1Dy6-zCs3LfEGeCUghtJldZ1jBHPMkhmS,5830327,5.56,2024-09-29T03:59:19Z,2024-09-28 22:59:19,B,2024-09-28,Saturday night,https://drive.google.com/file/d/1Dy6-zCs3LfEGeCUghtJldZ1jBHPMkhmS/view,https://drive.google.com/uc?export=download&id=1Dy6-zCs3LfEGeCUghtJldZ1jBHPMkhmS,https://drive.google.com/thumbnail?id=1Dy6-zCs3LfEGeCUghtJldZ1jBHPMkhmS&sz=w1200
IMG_2101.JPG,2101,12fMCEXMxu25q6KBFkcQU93RJ0ClN1p4L,6879513,6.56,2024-09-29T03:59:45Z,2024-09-28 22:59:45,B,2024-09-28,Saturday night,https://drive.google.com/file/d/12fMCEXMxu25q6KBFkcQU93RJ0ClN1p4L/view,https://drive.google.com/uc?export=download&id=12fMCEXMxu25q6KBFkcQU93RJ0ClN1p4L,https://drive.google.com/thumbnail?id=12fMCEXMxu25q6KBFkcQU93RJ0ClN1p4L&sz=w1200
IMG_2102.JPG,2102,1JcLMNZfgHIzhf4cOF1TfXQG3vNp-T9c3,6992794,6.67,2024-09-29T03:59:48Z,2024-09-28 22:59:48,B,2024-09-28,Saturday night,https://drive.google.com/file/d/1JcLMNZfgHIzhf4cOF1TfXQG3vNp-T9c3/view,https://drive.google.com/uc?export=download&id=1JcLMNZfgHIzhf4cOF1TfXQG3vNp-T9c3,https://drive.google.com/thumbnail?id=1JcLMNZfgHIzhf4cOF1TfXQG3vNp-T9c3&sz=w1200
IMG_2103.JPG,2103,19fp3DVRH0VpujLf3mv97YjXPAZU1Zg-P,5016711,4.78,2024-09-29T04:00:16Z,2024-09-28 23:00:16,B,2024-09-28,Saturday night,https://drive.google.com/file/d/19fp3DVRH0VpujLf3mv97YjXPAZU1Zg-P/view,https://drive.google.com/uc?export=download&id=19fp3DVRH0VpujLf3mv97YjXPAZU1Zg-P,https://drive.google.com/thumbnail?id=19fp3DVRH0VpujLf3mv97YjXPAZU1Zg-P&sz=w1200
IMG_2104.JPG,2104,121jeyavzBV4mMR0dOU8GB4XhpL4_1xpi,5386563,5.14,2024-09-29T04:00:35Z,2024-09-28 23:00:35,B,2024-09-28,Saturday night,https://drive.google.com/file/d/121jeyavzBV4mMR0dOU8GB4XhpL4_1xpi/view,https://drive.google.com/uc?export=download&id=121jeyavzBV4mMR0dOU8GB4XhpL4_1xpi,https://drive.google.com/thumbnail?id=121jeyavzBV4mMR0dOU8GB4XhpL4_1xpi&sz=w1200
IMG_2105.JPG,2105,1rI-jW2CHYgISHVYh5RJl2j0vtaHh16xa,5973042,5.7,2024-09-29T04:00:37Z,2024-09-28 23:00:37,B,2024-09-28,Saturday night,https://drive.google.com/file/d/1rI-jW2CHYgISHVYh5RJl2j0vtaHh16xa/view,https://drive.google.com/uc?export=download&id=1rI-jW2CHYgISHVYh5RJl2j0vtaHh16xa,https://drive.google.com/thumbnail?id=1rI-jW2CHYgISHVYh5RJl2j0vtaHh16xa&sz=w1200
IMG_2106.JPG,2106,1bhn5hVRicNC2BM-Mr9Ywzl_HwotqW0qZ,5791617,5.52,2024-09-29T04:00:40Z,2024-09-28 23:00:40,B,2024-09-28,Saturday night,https://drive.google.com/file/d/1bhn5hVRicNC2BM-Mr9Ywzl_HwotqW0qZ/view,https://drive.google.com/uc?export=download&id=1bhn5hVRicNC2BM-Mr9Ywzl_HwotqW0qZ,https://drive.google.com/thumbnail?id=1bhn5hVRicNC2BM-Mr9Ywzl_HwotqW0qZ&sz=w1200
IMG_2107.JPG,2107,1xNlLXbCEOBMdjvoWW1wzqqZu0eMl0Q7k,5908204,5.63,2024-09-29T04:01:25Z,2024-09-28 23:01:25,B,2024-09-28,Saturday night,https://drive.google.com/file/d/1xNlLXbCEOBMdjvoWW1wzqqZu0eMl0Q7k/view,https://drive.google.com/uc?export=download&id=1xNlLXbCEOBMdjvoWW1wzqqZu0eMl0Q7k,https://drive.google.com/thumbnail?id=1xNlLXbCEOBMdjvoWW1wzqqZu0eMl0Q7k&sz=w1200
IMG_2108.JPG,2108,1h9pVAWRaJxAogqjjlmOzZ8-ZxFI3VrNU,5380041,5.13,2024-09-29T04:01:57Z,2024-09-28 23:01:57,B,2024-09-28,Saturday night,https://drive.google.com/file/d/1h9pVAWRaJxAogqjjlmOzZ8-ZxFI3VrNU/view,https://drive.google.com/uc?export=download&id=1h9pVAWRaJxAogqjjlmOzZ8-ZxFI3VrNU,https://drive.google.com/thumbnail?id=1h9pVAWRaJxAogqjjlmOzZ8-ZxFI3VrNU&sz=w1200
IMG_2109.JPG,2109,1bJDH6oqK20rDrLplWdftDjPWC6Xc7p33,5569346,5.31,2024-09-29T04:02:32Z,2024-09-28 23:02:32,B,2024-09-28,Saturday night,https://drive.google.com/file/d/1bJDH6oqK20rDrLplWdftDjPWC6Xc7p33/view,https://drive.google.com/uc?export=download&id=1bJDH6oqK20rDrLplWdftDjPWC6Xc7p33,https://drive.google.com/thumbnail?id=1bJDH6oqK20rDrLplWdftDjPWC6Xc7p33&sz=w1200
IMG_2110.JPG,2110,1xN2w-88Zmo-rDyOTVxaWJk-4tbCSUq6S,5580021,5.32,2024-09-29T04:02:34Z,2024-09-28 23:02:34,B,2024-09-28,Saturday night,https://drive.google.com/file/d/1xN2w-88Zmo-rDyOTVxaWJk-4tbCSUq6S/view,https://drive.google.com/uc?export=download&id=1xN2w-88Zmo-rDyOTVxaWJk-4tbCSUq6S,https://drive.google.com/thumbnail?id=1xN2w-88Zmo-rDyOTVxaWJk-4tbCSUq6S&sz=w1200
IMG_2111.JPG,2111,1cvAg0O5UlljD4uecQ9oxkvo4Rlsi0Nu4,6056592,5.78,2024-09-29T04:04:13Z,2024-09-28 23:04:13,B,2024-09-28,Saturday night,https://drive.google.com/file/d/1cvAg0O5UlljD4uecQ9oxkvo4Rlsi0Nu4/view,https://drive.google.com/uc?export=download&id=1cvAg0O5UlljD4uecQ9oxkvo4Rlsi0Nu4,https://drive.google.com/thumbnail?id=1cvAg0O5UlljD4uecQ9oxkvo4Rlsi0Nu4&sz=w1200
IMG_2112.JPG,2112,1n0i8Gi3zzxVYBcIqGOKdX0N8g_r0Dcui,6241519,5.95,2024-09-29T04:04:15Z,2024-09-28 23:04:15,B,2024-09-28,Saturday night,https://drive.google.com/file/d/1n0i8Gi3zzxVYBcIqGOKdX0N8g_r0Dcui/view,https://drive.google.com/uc?export=download&id=1n0i8Gi3zzxVYBcIqGOKdX0N8g_r0Dcui,https://drive.google.com/thumbnail?id=1n0i8Gi3zzxVYBcIqGOKdX0N8g_r0Dcui&sz=w1200
IMG_2113.JPG,2113,19NI5nc9oOmCQi2AmXyn4_Fn1CEqJiwHk,6150297,5.87,2024-09-29T04:04:18Z,2024-09-28 23:04:18,B,2024-09-28,Saturday night,https://drive.google.com/file/d/19NI5nc9oOmCQi2AmXyn4_Fn1CEqJiwHk/view,https://drive.google.com/uc?export=download&id=19NI5nc9oOmCQi2AmXyn4_Fn1CEqJiwHk,https://drive.google.com/thumbnail?id=19NI5nc9oOmCQi2AmXyn4_Fn1CEqJiwHk&sz=w1200
IMG_2114.JPG,2114,11_-18JD2NgVPDBN6EF6sm4FTSqc21A6R,6652102,6.34,2024-09-29T04:04:37Z,2024-09-28 23:04:37,B,2024-09-28,Saturday night,https://drive.google.com/file/d/11_-18JD2NgVPDBN6EF6sm4FTSqc21A6R/view,https://drive.google.com/uc?export=download&id=11_-18JD2NgVPDBN6EF6sm4FTSqc21A6R,https://drive.google.com/thumbnail?id=11_-18JD2NgVPDBN6EF6sm4FTSqc21A6R&sz=w1200
IMG_2115.JPG,2115,1kq-616uZWdk7b4_6ixBCNvaMHMQtQkRo,6635668,6.33,2024-09-29T04:04:39Z,2024-09-28 23:04:39,B,2024-09-28,Saturday night,https://drive.google.com/file/d/1kq-616uZWdk7b4_6ixBCNvaMHMQtQkRo/view,https://drive.google.com/uc?export=download&id=1kq-616uZWdk7b4_6ixBCNvaMHMQtQkRo,https://drive.google.com/thumbnail?id=1kq-616uZWdk7b4_6ixBCNvaMHMQtQkRo&sz=w1200
IMG_2116.JPG,2116,1nsMZ0XRF5w6xSiLBxEEQw23YXAYf4QFz,6639329,6.33,2024-09-29T04:04:41Z,2024-09-28 23:04:41,B,2024-09-28,Saturday night,https://drive.google.com/file/d/1nsMZ0XRF5w6xSiLBxEEQw23YXAYf4QFz/view,https://drive.google.com/uc?export=download&id=1nsMZ0XRF5w6xSiLBxEEQw23YXAYf4QFz,https://drive.google.com/thumbnail?id=1nsMZ0XRF5w6xSiLBxEEQw23YXAYf4QFz&sz=w1200
IMG_2117.JPG,2117,17wvlGX7CrYa9-GCzb1_8BsWWh4aHWtRB,5800229,5.53,2024-09-29T04:04:59Z,2024-09-28 23:04:59,B,2024-09-28,Saturday night,https://drive.google.com/file/d/17wvlGX7CrYa9-GCzb1_8BsWWh4aHWtRB/view,https://drive.google.com/uc?export=download&id=17wvlGX7CrYa9-GCzb1_8BsWWh4aHWtRB,https://drive.google.com/thumbnail?id=17wvlGX7CrYa9-GCzb1_8BsWWh4aHWtRB&sz=w1200
IMG_2118.JPG,2118,1EDwJkl4BDZXAG7U_EOC1fsk7vUrzQmr1,5557731,5.3,2024-09-29T04:07:40Z,2024-09-28 23:07:40,B,2024-09-28,Saturday night,https://drive.google.com/file/d/1EDwJkl4BDZXAG7U_EOC1fsk7vUrzQmr1/view,https://drive.google.com/uc?export=download&id=1EDwJkl4BDZXAG7U_EOC1fsk7vUrzQmr1,https://drive.google.com/thumbnail?id=1EDwJkl4BDZXAG7U_EOC1fsk7vUrzQmr1&sz=w1200
IMG_2120.JPG,2120,1VM4d4phXNsgbxmJcl168sC5dcUzoQYIr,5703986,5.44,2024-09-29T04:07:45Z,2024-09-28 23:07:45,B,2024-09-28,Saturday night,https://drive.google.com/file/d/1VM4d4phXNsgbxmJcl168sC5dcUzoQYIr/view,https://drive.google.com/uc?export=download&id=1VM4d4phXNsgbxmJcl168sC5dcUzoQYIr,https://drive.google.com/thumbnail?id=1VM4d4phXNsgbxmJcl168sC5dcUzoQYIr&sz=w1200
IMG_2121.JPG,2121,19aGimpUCck-NPMI3GBirDixaAnpIzbAi,5461373,5.21,2024-09-29T04:08:12Z,2024-09-28 23:08:12,B,2024-09-28,Saturday night,https://drive.google.com/file/d/19aGimpUCck-NPMI3GBirDixaAnpIzbAi/view,https://drive.google.com/uc?export=download&id=19aGimpUCck-NPMI3GBirDixaAnpIzbAi,https://drive.google.com/thumbnail?id=19aGimpUCck-NPMI3GBirDixaAnpIzbAi&sz=w1200
IMG_2122.JPG,2122,16SzmPwPyUKgulSPLN3Y5-waslEGqftPP,5814642,5.55,2024-09-29T04:17:37Z,2024-09-28 23:17:37,B,2024-09-28,Saturday night,https://drive.google.com/file/d/16SzmPwPyUKgulSPLN3Y5-waslEGqftPP/view,https://drive.google.com/uc?export=download&id=16SzmPwPyUKgulSPLN3Y5-waslEGqftPP,https://drive.google.com/thumbnail?id=16SzmPwPyUKgulSPLN3Y5-waslEGqftPP&sz=w1200
IMG_2123.JPG,2123,112lw-x9B6EUYlxM5v_v4IniPwnISWjJZ,5957693,5.68,2024-09-29T04:17:40Z,2024-09-28 23:17:40,B,2024-09-28,Saturday night,https://drive.google.com/file/d/112lw-x9B6EUYlxM5v_v4IniPwnISWjJZ/view,https://drive.google.com/uc?export=download&id=112lw-x9B6EUYlxM5v_v4IniPwnISWjJZ,https://drive.google.com/thumbnail?id=112lw-x9B6EUYlxM5v_v4IniPwnISWjJZ&sz=w1200
IMG_2124.JPG,2124,1yUNMODJNFIG0lx22Il1vs6be7sh9ZwIo,6060769,5.78,2024-09-29T04:17:43Z,2024-09-28 23:17:43,B,2024-09-28,Saturday night,https://drive.google.com/file/d/1yUNMODJNFIG0lx22Il1vs6be7sh9ZwIo/view,https://drive.google.com/uc?export=download&id=1yUNMODJNFIG0lx22Il1vs6be7sh9ZwIo,https://drive.google.com/thumbnail?id=1yUNMODJNFIG0lx22Il1vs6be7sh9ZwIo&sz=w1200
IMG_2125.JPG,2125,1trRv5q1W5-lIze1pTxW5I4NuMEIhiTAJ,5569239,5.31,2024-09-29T04:17:50Z,2024-09-28 23:17:50,B,2024-09-28,Saturday night,https://drive.google.com/file/d/1trRv5q1W5-lIze1pTxW5I4NuMEIhiTAJ/view,https://drive.google.com/uc?export=download&id=1trRv5q1W5-lIze1pTxW5I4NuMEIhiTAJ,https://drive.google.com/thumbnail?id=1trRv5q1W5-lIze1pTxW5I4NuMEIhiTAJ&sz=w1200
IMG_2126.JPG,2126,1F9d2oMcEihgHwPHFqvvmqdDbrNFKUvEz,5570366,5.31,2024-09-29T04:17:52Z,2024-09-28 23:17:52,B,2024-09-28,Saturday night,https://drive.google.com/file/d/1F9d2oMcEihgHwPHFqvvmqdDbrNFKUvEz/view,https://drive.google.com/uc?export=download&id=1F9d2oMcEihgHwPHFqvvmqdDbrNFKUvEz,https://drive.google.com/thumbnail?id=1F9d2oMcEihgHwPHFqvvmqdDbrNFKUvEz&sz=w1200
IMG_2127.JPG,2127,1ERrszYH1boPTVkxhA5c-Keee7ijfbMy0,5586452,5.33,2024-09-29T04:18:00Z,2024-09-28 23:18:00,B,2024-09-28,Saturday night,https://drive.google.com/file/d/1ERrszYH1boPTVkxhA5c-Keee7ijfbMy0/view,https://drive.google.com/uc?export=download&id=1ERrszYH1boPTVkxhA5c-Keee7ijfbMy0,https://drive.google.com/thumbnail?id=1ERrszYH1boPTVkxhA5c-Keee7ijfbMy0&sz=w1200
IMG_2128.JPG,2128,1JEVe28-qYoLjBt9V7pl5EX2xltvhuzO3,6260910,5.97,2024-09-29T04:18:03Z,2024-09-28 23:18:03,B,2024-09-28,Saturday night,https://drive.google.com/file/d/1JEVe28-qYoLjBt9V7pl5EX2xltvhuzO3/view,https://drive.google.com/uc?export=download&id=1JEVe28-qYoLjBt9V7pl5EX2xltvhuzO3,https://drive.google.com/thumbnail?id=1JEVe28-qYoLjBt9V7pl5EX2xltvhuzO3&sz=w1200
IMG_2129.JPG,2129,14u-v9OzGZ4lMN1h0rfzEJXeo9hVcv8K5,6000627,5.72,2024-09-29T04:18:12Z,2024-09-28 23:18:12,B,2024-09-28,Saturday night,https://drive.google.com/file/d/14u-v9OzGZ4lMN1h0rfzEJXeo9hVcv8K5/view,https://drive.google.com/uc?export=download&id=14u-v9OzGZ4lMN1h0rfzEJXeo9hVcv8K5,https://drive.google.com/thumbnail?id=14u-v9OzGZ4lMN1h0rfzEJXeo9hVcv8K5&sz=w1200
IMG_2130.JPG,2130,1uIdgCJsKMkPKOJgkq9vNzDe9Cn0H9orD,6458685,6.16,2024-09-29T04:18:14Z,2024-09-28 23:18:14,B,2024-09-28,Saturday night,https://drive.google.com/file/d/1uIdgCJsKMkPKOJgkq9vNzDe9Cn0H9orD/view,https://drive.google.com/uc?export=download&id=1uIdgCJsKMkPKOJgkq9vNzDe9Cn0H9orD,https://drive.google.com/thumbnail?id=1uIdgCJsKMkPKOJgkq9vNzDe9Cn0H9orD&sz=w1200
IMG_2131.JPG,2131,1QViS6LYj067CxkSCc81vB5xfqLBrD8et,6058325,5.78,2024-09-29T04:18:18Z,2024-09-28 23:18:18,B,2024-09-28,Saturday night,https://drive.google.com/file/d/1QViS6LYj067CxkSCc81vB5xfqLBrD8et/view,https://drive.google.com/uc?export=download&id=1QViS6LYj067CxkSCc81vB5xfqLBrD8et,https://drive.google.com/thumbnail?id=1QViS6LYj067CxkSCc81vB5xfqLBrD8et&sz=w1200
IMG_2132.JPG,2132,1DhxdqcKlOe-9xPaXJp5IPPRynOIsTftI,6159119,5.87,2024-09-29T04:20:14Z,2024-09-28 23:20:14,B,2024-09-28,Saturday night,https://drive.google.com/file/d/1DhxdqcKlOe-9xPaXJp5IPPRynOIsTftI/view,https://drive.google.com/uc?export=download&id=1DhxdqcKlOe-9xPaXJp5IPPRynOIsTftI,https://drive.google.com/thumbnail?id=1DhxdqcKlOe-9xPaXJp5IPPRynOIsTftI&sz=w1200
IMG_2133.JPG,2133,1dP45q4onIcQ8OmVYW0fK5X7fRQ9xNRUb,5945802,5.67,2024-09-29T04:20:33Z,2024-09-28 23:20:33,B,2024-09-28,Saturday night,https://drive.google.com/file/d/1dP45q4onIcQ8OmVYW0fK5X7fRQ9xNRUb/view,https://drive.google.com/uc?export=download&id=1dP45q4onIcQ8OmVYW0fK5X7fRQ9xNRUb,https://drive.google.com/thumbnail?id=1dP45q4onIcQ8OmVYW0fK5X7fRQ9xNRUb&sz=w1200
IMG_2134.JPG,2134,1wA0Ef-_9TZ3zEoM7lWbH8dX-ZVaClUK1,6040913,5.76,2024-09-29T04:20:40Z,2024-09-28 23:20:40,B,2024-09-28,Saturday night,https://drive.google.com/file/d/1wA0Ef-_9TZ3zEoM7lWbH8dX-ZVaClUK1/view,https://drive.google.com/uc?export=download&id=1wA0Ef-_9TZ3zEoM7lWbH8dX-ZVaClUK1,https://drive.google.com/thumbnail?id=1wA0Ef-_9TZ3zEoM7lWbH8dX-ZVaClUK1&sz=w1200
IMG_2136.JPG,2136,1BM_lWNkYFeEbTFrph0TB6-gJMsZE2xfA,6265845,5.98,2024-09-29T04:22:34Z,2024-09-28 23:22:34,B,2024-09-28,Saturday night,https://drive.google.com/file/d/1BM_lWNkYFeEbTFrph0TB6-gJMsZE2xfA/view,https://drive.google.com/uc?export=download&id=1BM_lWNkYFeEbTFrph0TB6-gJMsZE2xfA,https://drive.google.com/thumbnail?id=1BM_lWNkYFeEbTFrph0TB6-gJMsZE2xfA&sz=w1200
IMG_2137.JPG,2137,1m7ydaJjua-hv6Tv2RuB9jFce7ctS26Bq,6624777,6.32,2024-09-29T04:22:36Z,2024-09-28 23:22:36,B,2024-09-28,Saturday night,https://drive.google.com/file/d/1m7ydaJjua-hv6Tv2RuB9jFce7ctS26Bq/view,https://drive.google.com/uc?export=download&id=1m7ydaJjua-hv6Tv2RuB9jFce7ctS26Bq,https://drive.google.com/thumbnail?id=1m7ydaJjua-hv6Tv2RuB9jFce7ctS26Bq&sz=w1200
IMG_2138.JPG,2138,1tbkTI3udjK4RJ0-7EbNiS3AdabdTeKD1,6460592,6.16,2024-09-29T04:22:39Z,2024-09-28 23:22:39,B,2024-09-28,Saturday night,https://drive.google.com/file/d/1tbkTI3udjK4RJ0-7EbNiS3AdabdTeKD1/view,https://drive.google.com/uc?export=download&id=1tbkTI3udjK4RJ0-7EbNiS3AdabdTeKD1,https://drive.google.com/thumbnail?id=1tbkTI3udjK4RJ0-7EbNiS3AdabdTeKD1&sz=w1200
IMG_2139.JPG,2139,16wzKAaJlgkMAcRdUXsweahJ8ivgWE0K9,4690507,4.47,2024-09-29T04:24:57Z,2024-09-28 23:24:57,B,2024-09-28,Saturday night,https://drive.google.com/file/d/16wzKAaJlgkMAcRdUXsweahJ8ivgWE0K9/view,https://drive.google.com/uc?export=download&id=16wzKAaJlgkMAcRdUXsweahJ8ivgWE0K9,https://drive.google.com/thumbnail?id=16wzKAaJlgkMAcRdUXsweahJ8ivgWE0K9&sz=w1200
IMG_2141.JPG,2141,1bButSjONjSQ-tcyuLzoYRhLcgTsAmPCt,5888942,5.62,2024-09-29T04:25:31Z,2024-09-28 23:25:31,B,2024-09-28,Saturday night,https://drive.google.com/file/d/1bButSjONjSQ-tcyuLzoYRhLcgTsAmPCt/view,https://drive.google.com/uc?export=download&id=1bButSjONjSQ-tcyuLzoYRhLcgTsAmPCt,https://drive.google.com/thumbnail?id=1bButSjONjSQ-tcyuLzoYRhLcgTsAmPCt&sz=w1200
IMG_2142.JPG,2142,1E7D7xSaJ6kSyblPfOyc2mnuIAMRVj84y,6084473,5.8,2024-09-29T04:25:40Z,2024-09-28 23:25:40,B,2024-09-28,Saturday night,https://drive.google.com/file/d/1E7D7xSaJ6kSyblPfOyc2mnuIAMRVj84y/view,https://drive.google.com/uc?export=download&id=1E7D7xSaJ6kSyblPfOyc2mnuIAMRVj84y,https://drive.google.com/thumbnail?id=1E7D7xSaJ6kSyblPfOyc2mnuIAMRVj84y&sz=w1200
IMG_2143.JPG,2143,1XSyDWqVxfn3SqRIERy28waOrZL8oMiXy,6398062,6.1,2024-09-29T04:25:42Z,2024-09-28 23:25:42,B,2024-09-28,Saturday night,https://drive.google.com/file/d/1XSyDWqVxfn3SqRIERy28waOrZL8oMiXy/view,https://drive.google.com/uc?export=download&id=1XSyDWqVxfn3SqRIERy28waOrZL8oMiXy,https://drive.google.com/thumbnail?id=1XSyDWqVxfn3SqRIERy28waOrZL8oMiXy&sz=w1200
IMG_2144.JPG,2144,178iHL4VUkvlRKWJftotkSWf2_MseV9nz,6220131,5.93,2024-09-29T04:26:50Z,2024-09-28 23:26:50,B,2024-09-28,Saturday night,https://drive.google.com/file/d/178iHL4VUkvlRKWJftotkSWf2_MseV9nz/view,https://drive.google.com/uc?export=download&id=178iHL4VUkvlRKWJftotkSWf2_MseV9nz,https://drive.google.com/thumbnail?id=178iHL4VUkvlRKWJftotkSWf2_MseV9nz&sz=w1200
IMG_2146.JPG,2146,1dA6y4GJAA-JOQG7m5FtuqvrVC6NYcTIg,5726098,5.46,2024-09-29T04:28:45Z,2024-09-28 23:28:45,B,2024-09-28,Saturday night,https://drive.google.com/file/d/1dA6y4GJAA-JOQG7m5FtuqvrVC6NYcTIg/view,https://drive.google.com/uc?export=download&id=1dA6y4GJAA-JOQG7m5FtuqvrVC6NYcTIg,https://drive.google.com/thumbnail?id=1dA6y4GJAA-JOQG7m5FtuqvrVC6NYcTIg&sz=w1200
IMG_2147.JPG,2147,1cMMcm2CBXoxpJtJiETT7ykEwDREyCyPP,6315296,6.02,2024-09-29T04:28:47Z,2024-09-28 23:28:47,B,2024-09-28,Saturday night,https://drive.google.com/file/d/1cMMcm2CBXoxpJtJiETT7ykEwDREyCyPP/view,https://drive.google.com/uc?export=download&id=1cMMcm2CBXoxpJtJiETT7ykEwDREyCyPP,https://drive.google.com/thumbnail?id=1cMMcm2CBXoxpJtJiETT7ykEwDREyCyPP&sz=w1200
IMG_2148.JPG,2148,1T9LUqjecdbMYjJUq1FIhb38Ozte9xHaD,5401170,5.15,2024-09-29T04:30:15Z,2024-09-28 23:30:15,B,2024-09-28,Saturday night,https://drive.google.com/file/d/1T9LUqjecdbMYjJUq1FIhb38Ozte9xHaD/view,https://drive.google.com/uc?export=download&id=1T9LUqjecdbMYjJUq1FIhb38Ozte9xHaD,https://drive.google.com/thumbnail?id=1T9LUqjecdbMYjJUq1FIhb38Ozte9xHaD&sz=w1200
IMG_2149.JPG,2149,1rXuA6s5RPV3v-hhjKyNx0MFUK-UrhUfV,5369991,5.12,2024-09-29T04:30:17Z,2024-09-28 23:30:17,B,2024-09-28,Saturday night,https://drive.google.com/file/d/1rXuA6s5RPV3v-hhjKyNx0MFUK-UrhUfV/view,https://drive.google.com/uc?export=download&id=1rXuA6s5RPV3v-hhjKyNx0MFUK-UrhUfV,https://drive.google.com/thumbnail?id=1rXuA6s5RPV3v-hhjKyNx0MFUK-UrhUfV&sz=w1200
IMG_2150.JPG,2150,1MfrkdRWNfdD2PPFED6in4r9kk9vr8Du9,5165580,4.93,2024-09-29T04:31:44Z,2024-09-28 23:31:44,B,2024-09-28,Saturday night,https://drive.google.com/file/d/1MfrkdRWNfdD2PPFED6in4r9kk9vr8Du9/view,https://drive.google.com/uc?export=download&id=1MfrkdRWNfdD2PPFED6in4r9kk9vr8Du9,https://drive.google.com/thumbnail?id=1MfrkdRWNfdD2PPFED6in4r9kk9vr8Du9&sz=w1200
IMG_2151.JPG,2151,1zkBCzwijgWfnUedpgH4dKgTvKjW9tHma,6415961,6.12,2024-09-29T04:32:29Z,2024-09-28 23:32:29,B,2024-09-28,Saturday night,https://drive.google.com/file/d/1zkBCzwijgWfnUedpgH4dKgTvKjW9tHma/view,https://drive.google.com/uc?export=download&id=1zkBCzwijgWfnUedpgH4dKgTvKjW9tHma,https://drive.google.com/thumbnail?id=1zkBCzwijgWfnUedpgH4dKgTvKjW9tHma&sz=w1200
IMG_2152.JPG,2152,1IPY1Lu3rflZNwc1xduIF-5PS3GtA8XzY,5804695,5.54,2024-09-29T04:39:50Z,2024-09-28 23:39:50,B,2024-09-28,Saturday night,https://drive.google.com/file/d/1IPY1Lu3rflZNwc1xduIF-5PS3GtA8XzY/view,https://drive.google.com/uc?export=download&id=1IPY1Lu3rflZNwc1xduIF-5PS3GtA8XzY,https://drive.google.com/thumbnail?id=1IPY1Lu3rflZNwc1xduIF-5PS3GtA8XzY&sz=w1200
IMG_2153.JPG,2153,1fXssWdUTjkHexspE29UElSatVcixQYd1,5277692,5.03,2024-09-29T04:39:52Z,2024-09-28 23:39:52,B,2024-09-28,Saturday night,https://drive.google.com/file/d/1fXssWdUTjkHexspE29UElSatVcixQYd1/view,https://drive.google.com/uc?export=download&id=1fXssWdUTjkHexspE29UElSatVcixQYd1,https://drive.google.com/thumbnail?id=1fXssWdUTjkHexspE29UElSatVcixQYd1&sz=w1200
IMG_2155.JPG,2155,1J0B92PCCS5WSi4SXqDyg9FWSgNDxgRV7,6134524,5.85,2024-09-29T04:41:25Z,2024-09-28 23:41:25,B,2024-09-28,Saturday night,https://drive.google.com/file/d/1J0B92PCCS5WSi4SXqDyg9FWSgNDxgRV7/view,https://drive.google.com/uc?export=download&id=1J0B92PCCS5WSi4SXqDyg9FWSgNDxgRV7,https://drive.google.com/thumbnail?id=1J0B92PCCS5WSi4SXqDyg9FWSgNDxgRV7&sz=w1200
IMG_2156.JPG,2156,1mTh5YCLTp5eKBKEcmbgNOwy1-TopZ-hs,6157997,5.87,2024-09-29T04:41:29Z,2024-09-28 23:41:29,B,2024-09-28,Saturday night,https://drive.google.com/file/d/1mTh5YCLTp5eKBKEcmbgNOwy1-TopZ-hs/view,https://drive.google.com/uc?export=download&id=1mTh5YCLTp5eKBKEcmbgNOwy1-TopZ-hs,https://drive.google.com/thumbnail?id=1mTh5YCLTp5eKBKEcmbgNOwy1-TopZ-hs&sz=w1200
IMG_2157.JPG,2157,1L1xVj-LSQANcgKcnk-0NOf2KvYP2swoA,6340381,6.05,2024-09-29T04:41:38Z,2024-09-28 23:41:38,B,2024-09-28,Saturday night,https://drive.google.com/file/d/1L1xVj-LSQANcgKcnk-0NOf2KvYP2swoA/view,https://drive.google.com/uc?export=download&id=1L1xVj-LSQANcgKcnk-0NOf2KvYP2swoA,https://drive.google.com/thumbnail?id=1L1xVj-LSQANcgKcnk-0NOf2KvYP2swoA&sz=w1200
IMG_2158.JPG,2158,15aKNiZBSiXKVl0Us5vTYbdRIqLWbIP17,6605095,6.3,2024-09-29T04:41:46Z,2024-09-28 23:41:46,B,2024-09-28,Saturday night,https://drive.google.com/file/d/15aKNiZBSiXKVl0Us5vTYbdRIqLWbIP17/view,https://drive.google.com/uc?export=download&id=15aKNiZBSiXKVl0Us5vTYbdRIqLWbIP17,https://drive.google.com/thumbnail?id=15aKNiZBSiXKVl0Us5vTYbdRIqLWbIP17&sz=w1200
IMG_2159.JPG,2159,1SopAKIkNkAi945PPhLC8d7bVMI9lcv-l,6023322,5.74,2024-09-29T04:42:06Z,2024-09-28 23:42:06,B,2024-09-28,Saturday night,https://drive.google.com/file/d/1SopAKIkNkAi945PPhLC8d7bVMI9lcv-l/view,https://drive.google.com/uc?export=download&id=1SopAKIkNkAi945PPhLC8d7bVMI9lcv-l,https://drive.google.com/thumbnail?id=1SopAKIkNkAi945PPhLC8d7bVMI9lcv-l&sz=w1200
IMG_2160.JPG,2160,1gD5iUjkI8b3GS_PSd87wYxSICEX3zwQY,6676623,6.37,2024-09-29T04:42:51Z,2024-09-28 23:42:51,B,2024-09-28,Saturday night,https://drive.google.com/file/d/1gD5iUjkI8b3GS_PSd87wYxSICEX3zwQY/view,https://drive.google.com/uc?export=download&id=1gD5iUjkI8b3GS_PSd87wYxSICEX3zwQY,https://drive.google.com/thumbnail?id=1gD5iUjkI8b3GS_PSd87wYxSICEX3zwQY&sz=w1200
IMG_2161.JPG,2161,1rDYOBgosRx_O88Kqa8cLhs67ADPl1YAw,6401950,6.11,2024-09-29T04:43:00Z,2024-09-28 23:43:00,B,2024-09-28,Saturday night,https://drive.google.com/file/d/1rDYOBgosRx_O88Kqa8cLhs67ADPl1YAw/view,https://drive.google.com/uc?export=download&id=1rDYOBgosRx_O88Kqa8cLhs67ADPl1YAw,https://drive.google.com/thumbnail?id=1rDYOBgosRx_O88Kqa8cLhs67ADPl1YAw&sz=w1200
IMG_2162.JPG,2162,15CHxfi7DTJG7BIyzgC8IVLbHelK4l5So,6285987,5.99,2024-09-29T04:43:02Z,2024-09-28 23:43:02,B,2024-09-28,Saturday night,https://drive.google.com/file/d/15CHxfi7DTJG7BIyzgC8IVLbHelK4l5So/view,https://drive.google.com/uc?export=download&id=15CHxfi7DTJG7BIyzgC8IVLbHelK4l5So,https://drive.google.com/thumbnail?id=15CHxfi7DTJG7BIyzgC8IVLbHelK4l5So&sz=w1200
IMG_2163.JPG,2163,1Pd9q1nYW08npmvJtn-txMQzC_rI19-jW,6241064,5.95,2024-09-29T04:43:26Z,2024-09-28 23:43:26,B,2024-09-28,Saturday night,https://drive.google.com/file/d/1Pd9q1nYW08npmvJtn-txMQzC_rI19-jW/view,https://drive.google.com/uc?export=download&id=1Pd9q1nYW08npmvJtn-txMQzC_rI19-jW,https://drive.google.com/thumbnail?id=1Pd9q1nYW08npmvJtn-txMQzC_rI19-jW&sz=w1200
IMG_2164.JPG,2164,1vwQwb5FIWkAfbA5Wc7DXDuXopllQVLwf,5095954,4.86,2024-09-29T04:44:42Z,2024-09-28 23:44:42,B,2024-09-28,Saturday night,https://drive.google.com/file/d/1vwQwb5FIWkAfbA5Wc7DXDuXopllQVLwf/view,https://drive.google.com/uc?export=download&id=1vwQwb5FIWkAfbA5Wc7DXDuXopllQVLwf,https://drive.google.com/thumbnail?id=1vwQwb5FIWkAfbA5Wc7DXDuXopllQVLwf&sz=w1200
IMG_2165.JPG,2165,1Qk0KuokKolAO75uw0NLd6ewXthpdwdkr,5747687,5.48,2024-09-29T04:44:43Z,2024-09-28 23:44:43,B,2024-09-28,Saturday night,https://drive.google.com/file/d/1Qk0KuokKolAO75uw0NLd6ewXthpdwdkr/view,https://drive.google.com/uc?export=download&id=1Qk0KuokKolAO75uw0NLd6ewXthpdwdkr,https://drive.google.com/thumbnail?id=1Qk0KuokKolAO75uw0NLd6ewXthpdwdkr&sz=w1200
IMG_2166.JPG,2166,1PphpSeROcXJuxgKwxUFtv4AnjDDKf2I1,5907986,5.63,2024-09-29T04:45:43Z,2024-09-28 23:45:43,B,2024-09-28,Saturday night,https://drive.google.com/file/d/1PphpSeROcXJuxgKwxUFtv4AnjDDKf2I1/view,https://drive.google.com/uc?export=download&id=1PphpSeROcXJuxgKwxUFtv4AnjDDKf2I1,https://drive.google.com/thumbnail?id=1PphpSeROcXJuxgKwxUFtv4AnjDDKf2I1&sz=w1200
IMG_2167.JPG,2167,1tUU-DUFXdRxBmIFPzP9FLbiCo2YIslcr,5939024,5.66,2024-09-29T04:45:49Z,2024-09-28 23:45:49,B,2024-09-28,Saturday night,https://drive.google.com/file/d/1tUU-DUFXdRxBmIFPzP9FLbiCo2YIslcr/view,https://drive.google.com/uc?export=download&id=1tUU-DUFXdRxBmIFPzP9FLbiCo2YIslcr,https://drive.google.com/thumbnail?id=1tUU-DUFXdRxBmIFPzP9FLbiCo2YIslcr&sz=w1200
IMG_2168.JPG,2168,1JagTZIuKoCZoDeT8fG5b0LI6le8RWE2l,5890006,5.62,2024-09-29T04:46:18Z,2024-09-28 23:46:18,B,2024-09-28,Saturday night,https://drive.google.com/file/d/1JagTZIuKoCZoDeT8fG5b0LI6le8RWE2l/view,https://drive.google.com/uc?export=download&id=1JagTZIuKoCZoDeT8fG5b0LI6le8RWE2l,https://drive.google.com/thumbnail?id=1JagTZIuKoCZoDeT8fG5b0LI6le8RWE2l&sz=w1200
IMG_2170.JPG,2170,1bj0UI-xSgXibcAqN3v7pP8OXjGdW9Ek_,6101874,5.82,2024-09-29T04:47:16Z,2024-09-28 23:47:16,B,2024-09-28,Saturday night,https://drive.google.com/file/d/1bj0UI-xSgXibcAqN3v7pP8OXjGdW9Ek_/view,https://drive.google.com/uc?export=download&id=1bj0UI-xSgXibcAqN3v7pP8OXjGdW9Ek_,https://drive.google.com/thumbnail?id=1bj0UI-xSgXibcAqN3v7pP8OXjGdW9Ek_&sz=w1200
IMG_2171.JPG,2171,1cQJgfyW979cmSV7HsfHttHA7Tm0TNoA2,4208883,4.01,2024-09-29T04:47:36Z,2024-09-28 23:47:36,B,2024-09-28,Saturday night,https://drive.google.com/file/d/1cQJgfyW979cmSV7HsfHttHA7Tm0TNoA2/view,https://drive.google.com/uc?export=download&id=1cQJgfyW979cmSV7HsfHttHA7Tm0TNoA2,https://drive.google.com/thumbnail?id=1cQJgfyW979cmSV7HsfHttHA7Tm0TNoA2&sz=w1200
IMG_2172.JPG,2172,1yYmRC-0Gw1LuuFVoiQmq_ZkjefjFvKqa,5625620,5.37,2024-09-29T04:49:23Z,2024-09-28 23:49:23,B,2024-09-28,Saturday night,https://drive.google.com/file/d/1yYmRC-0Gw1LuuFVoiQmq_ZkjefjFvKqa/view,https://drive.google.com/uc?export=download&id=1yYmRC-0Gw1LuuFVoiQmq_ZkjefjFvKqa,https://drive.google.com/thumbnail?id=1yYmRC-0Gw1LuuFVoiQmq_ZkjefjFvKqa&sz=w1200
IMG_2173.JPG,2173,1BmlVC6bdju3F_PPrJDProZ7W50dasrUV,5404421,5.15,2024-09-29T04:58:28Z,2024-09-28 23:58:28,B,2024-09-28,Saturday night,https://drive.google.com/file/d/1BmlVC6bdju3F_PPrJDProZ7W50dasrUV/view,https://drive.google.com/uc?export=download&id=1BmlVC6bdju3F_PPrJDProZ7W50dasrUV,https://drive.google.com/thumbnail?id=1BmlVC6bdju3F_PPrJDProZ7W50dasrUV&sz=w1200
IMG_2174.JPG,2174,17RHZqx1zPS3cAnIwTsv3-_A3wsY_BoB7,5226330,4.98,2024-09-29T04:58:30Z,2024-09-28 23:58:30,B,2024-09-28,Saturday night,https://drive.google.com/file/d/17RHZqx1zPS3cAnIwTsv3-_A3wsY_BoB7/view,https://drive.google.com/uc?export=download&id=17RHZqx1zPS3cAnIwTsv3-_A3wsY_BoB7,https://drive.google.com/thumbnail?id=17RHZqx1zPS3cAnIwTsv3-_A3wsY_BoB7&sz=w1200
IMG_2175.JPG,2175,14K-f7_4skBZf_gy0If_mt_XhADRR1Duh,5525008,5.27,2024-09-29T04:59:01Z,2024-09-28 23:59:01,B,2024-09-28,Saturday night,https://drive.google.com/file/d/14K-f7_4skBZf_gy0If_mt_XhADRR1Duh/view,https://drive.google.com/uc?export=download&id=14K-f7_4skBZf_gy0If_mt_XhADRR1Duh,https://drive.google.com/thumbnail?id=14K-f7_4skBZf_gy0If_mt_XhADRR1Duh&sz=w1200
IMG_2176.JPG,2176,1UvjvtPq4J_jl13sm2NKZ5uNRUkSvwlzI,5732308,5.47,2024-09-29T05:00:25Z,2024-09-29 00:00:25,B,2024-09-28,Saturday night,https://drive.google.com/file/d/1UvjvtPq4J_jl13sm2NKZ5uNRUkSvwlzI/view,https://drive.google.com/uc?export=download&id=1UvjvtPq4J_jl13sm2NKZ5uNRUkSvwlzI,https://drive.google.com/thumbnail?id=1UvjvtPq4J_jl13sm2NKZ5uNRUkSvwlzI&sz=w1200
IMG_2177.JPG,2177,1-Dm5JSqARchZU4OAa9il44ZmgKzN5QXV,4970719,4.74,2024-09-29T05:10:32Z,2024-09-29 00:10:32,B,2024-09-28,Saturday night,https://drive.google.com/file/d/1-Dm5JSqARchZU4OAa9il44ZmgKzN5QXV/view,https://drive.google.com/uc?export=download&id=1-Dm5JSqARchZU4OAa9il44ZmgKzN5QXV,https://drive.google.com/thumbnail?id=1-Dm5JSqARchZU4OAa9il44ZmgKzN5QXV&sz=w1200
IMG_2179.JPG,2179,1-XR6nJmdgAn0rT5nzP4KMXg-ewmfBxaL,6057370,5.78,2024-09-29T05:15:50Z,2024-09-29 00:15:50,B,2024-09-28,Saturday night,https://drive.google.com/file/d/1-XR6nJmdgAn0rT5nzP4KMXg-ewmfBxaL/view,https://drive.google.com/uc?export=download&id=1-XR6nJmdgAn0rT5nzP4KMXg-ewmfBxaL,https://drive.google.com/thumbnail?id=1-XR6nJmdgAn0rT5nzP4KMXg-ewmfBxaL&sz=w1200
IMG_2180.JPG,2180,1PiHBIYSWeHVwduY_fhOgbdKTCN7056MA,6218957,5.93,2024-09-29T05:15:52Z,2024-09-29 00:15:52,B,2024-09-28,Saturday night,https://drive.google.com/file/d/1PiHBIYSWeHVwduY_fhOgbdKTCN7056MA/view,https://drive.google.com/uc?export=download&id=1PiHBIYSWeHVwduY_fhOgbdKTCN7056MA,https://drive.google.com/thumbnail?id=1PiHBIYSWeHVwduY_fhOgbdKTCN7056MA&sz=w1200
IMG_2181.JPG,2181,1Y5hQowTORR_fAH9iDmtYY6RwG-UpjRjI,6444438,6.15,2024-09-29T05:15:55Z,2024-09-29 00:15:55,B,2024-09-28,Saturday night,https://drive.google.com/file/d/1Y5hQowTORR_fAH9iDmtYY6RwG-UpjRjI/view,https://drive.google.com/uc?export=download&id=1Y5hQowTORR_fAH9iDmtYY6RwG-UpjRjI,https://drive.google.com/thumbnail?id=1Y5hQowTORR_fAH9iDmtYY6RwG-UpjRjI&sz=w1200
IMG_2182.JPG,2182,14oHhDGZmw_MRCPU9TXe7k6e68RB7m19J,5553903,5.3,2024-09-29T05:16:37Z,2024-09-29 00:16:37,B,2024-09-28,Saturday night,https://drive.google.com/file/d/14oHhDGZmw_MRCPU9TXe7k6e68RB7m19J/view,https://drive.google.com/uc?export=download&id=14oHhDGZmw_MRCPU9TXe7k6e68RB7m19J,https://drive.google.com/thumbnail?id=14oHhDGZmw_MRCPU9TXe7k6e68RB7m19J&sz=w1200
IMG_2183.JPG,2183,1XHWiFG7H0bJ3_niLLVYaxOuTOc8y-F5v,5765542,5.5,2024-09-29T05:19:20Z,2024-09-29 00:19:20,B,2024-09-28,Saturday night,https://drive.google.com/file/d/1XHWiFG7H0bJ3_niLLVYaxOuTOc8y-F5v/view,https://drive.google.com/uc?export=download&id=1XHWiFG7H0bJ3_niLLVYaxOuTOc8y-F5v,https://drive.google.com/thumbnail?id=1XHWiFG7H0bJ3_niLLVYaxOuTOc8y-F5v&sz=w1200
IMG_2184.JPG,2184,1RatmuHdcAjrxVgE95YprEFTfs9cs7LeI,5971756,5.7,2024-09-29T05:19:26Z,2024-09-29 00:19:26,B,2024-09-28,Saturday night,https://drive.google.com/file/d/1RatmuHdcAjrxVgE95YprEFTfs9cs7LeI/view,https://drive.google.com/uc?export=download&id=1RatmuHdcAjrxVgE95YprEFTfs9cs7LeI,https://drive.google.com/thumbnail?id=1RatmuHdcAjrxVgE95YprEFTfs9cs7LeI&sz=w1200
IMG_2185.JPG,2185,1fH6ll61e8p5P88vSlC-GGSQyD6ml_9B8,5416916,5.17,2024-09-29T05:24:34Z,2024-09-29 00:24:34,B,2024-09-28,Saturday night,https://drive.google.com/file/d/1fH6ll61e8p5P88vSlC-GGSQyD6ml_9B8/view,https://drive.google.com/uc?export=download&id=1fH6ll61e8p5P88vSlC-GGSQyD6ml_9B8,https://drive.google.com/thumbnail?id=1fH6ll61e8p5P88vSlC-GGSQyD6ml_9B8&sz=w1200
IMG_2186.JPG,2186,18vAI-pVeTmhxC0DuyN8Hm5L6F2y9DFEQ,5901298,5.63,2024-09-29T05:24:37Z,2024-09-29 00:24:37,B,2024-09-28,Saturday night,https://drive.google.com/file/d/18vAI-pVeTmhxC0DuyN8Hm5L6F2y9DFEQ/view,https://drive.google.com/uc?export=download&id=18vAI-pVeTmhxC0DuyN8Hm5L6F2y9DFEQ,https://drive.google.com/thumbnail?id=18vAI-pVeTmhxC0DuyN8Hm5L6F2y9DFEQ&sz=w1200
IMG_2187.JPG,2187,1uctfauWR9OXkYLyxzYqqnAm4YiK6RX0X,5420086,5.17,2024-09-29T05:27:55Z,2024-09-29 00:27:55,B,2024-09-28,Saturday night,https://drive.google.com/file/d/1uctfauWR9OXkYLyxzYqqnAm4YiK6RX0X/view,https://drive.google.com/uc?export=download&id=1uctfauWR9OXkYLyxzYqqnAm4YiK6RX0X,https://drive.google.com/thumbnail?id=1uctfauWR9OXkYLyxzYqqnAm4YiK6RX0X&sz=w1200
IMG_2188.JPG,2188,1wqOVHXandR15XjImfjDaJ0sA203YNTKa,5262089,5.02,2024-09-29T05:30:44Z,2024-09-29 00:30:44,B,2024-09-28,Saturday night,https://drive.google.com/file/d/1wqOVHXandR15XjImfjDaJ0sA203YNTKa/view,https://drive.google.com/uc?export=download&id=1wqOVHXandR15XjImfjDaJ0sA203YNTKa,https://drive.google.com/thumbnail?id=1wqOVHXandR15XjImfjDaJ0sA203YNTKa&sz=w1200
IMG_2189.JPG,2189,1TiioBGoJHMrsUt_HQuFnbq42KtfYfq1Z,4636081,4.42,2024-09-29T05:32:20Z,2024-09-29 00:32:20,B,2024-09-28,Saturday night,https://drive.google.com/file/d/1TiioBGoJHMrsUt_HQuFnbq42KtfYfq1Z/view,https://drive.google.com/uc?export=download&id=1TiioBGoJHMrsUt_HQuFnbq42KtfYfq1Z,https://drive.google.com/thumbnail?id=1TiioBGoJHMrsUt_HQuFnbq42KtfYfq1Z&sz=w1200
IMG_2190.JPG,2190,1MCQnu4yCgpKUHA8TO4r7HIKKb70zNSud,5430763,5.18,2024-09-29T05:33:43Z,2024-09-29 00:33:43,B,2024-09-28,Saturday night,https://drive.google.com/file/d/1MCQnu4yCgpKUHA8TO4r7HIKKb70zNSud/view,https://drive.google.com/uc?export=download&id=1MCQnu4yCgpKUHA8TO4r7HIKKb70zNSud,https://drive.google.com/thumbnail?id=1MCQnu4yCgpKUHA8TO4r7HIKKb70zNSud&sz=w1200
IMG_2192.JPG,2192,1_PxssfttOtSmE5VJQzatqr_445TQDRc5,5395060,5.15,2024-09-29T05:35:19Z,2024-09-29 00:35:19,B,2024-09-28,Saturday night,https://drive.google.com/file/d/1_PxssfttOtSmE5VJQzatqr_445TQDRc5/view,https://drive.google.com/uc?export=download&id=1_PxssfttOtSmE5VJQzatqr_445TQDRc5,https://drive.google.com/thumbnail?id=1_PxssfttOtSmE5VJQzatqr_445TQDRc5&sz=w1200
IMG_2194.JPG,2194,1Qe_zfAhJVcFwo_jFAwr4tNiW6PlsZhv2,5855956,5.58,2024-09-29T05:36:57Z,2024-09-29 00:36:57,B,2024-09-28,Saturday night,https://drive.google.com/file/d/1Qe_zfAhJVcFwo_jFAwr4tNiW6PlsZhv2/view,https://drive.google.com/uc?export=download&id=1Qe_zfAhJVcFwo_jFAwr4tNiW6PlsZhv2,https://drive.google.com/thumbnail?id=1Qe_zfAhJVcFwo_jFAwr4tNiW6PlsZhv2&sz=w1200
IMG_2195.JPG,2195,1S8yiiFkX0ZTjwG5ZEGgrGEzUh6NIDlZJ,6778366,6.46,2024-09-29T05:37:13Z,2024-09-29 00:37:13,B,2024-09-28,Saturday night,https://drive.google.com/file/d/1S8yiiFkX0ZTjwG5ZEGgrGEzUh6NIDlZJ/view,https://drive.google.com/uc?export=download&id=1S8yiiFkX0ZTjwG5ZEGgrGEzUh6NIDlZJ,https://drive.google.com/thumbnail?id=1S8yiiFkX0ZTjwG5ZEGgrGEzUh6NIDlZJ&sz=w1200
IMG_2197.JPG,2197,13g7j0BOv61adTNkR4RbAulA6q6EFoQ_4,5909078,5.64,2024-09-29T05:37:28Z,2024-09-29 00:37:28,B,2024-09-28,Saturday night,https://drive.google.com/file/d/13g7j0BOv61adTNkR4RbAulA6q6EFoQ_4/view,https://drive.google.com/uc?export=download&id=13g7j0BOv61adTNkR4RbAulA6q6EFoQ_4,https://drive.google.com/thumbnail?id=13g7j0BOv61adTNkR4RbAulA6q6EFoQ_4&sz=w1200
IMG_2198.JPG,2198,1FawzRXaa5BUaFGo0fG6aATrTAM9mud7P,6489151,6.19,2024-09-29T05:37:42Z,2024-09-29 00:37:42,B,2024-09-28,Saturday night,https://drive.google.com/file/d/1FawzRXaa5BUaFGo0fG6aATrTAM9mud7P/view,https://drive.google.com/uc?export=download&id=1FawzRXaa5BUaFGo0fG6aATrTAM9mud7P,https://drive.google.com/thumbnail?id=1FawzRXaa5BUaFGo0fG6aATrTAM9mud7P&sz=w1200
IMG_2199.JPG,2199,19KNR3vRNRU-_HCV8xG1M8gAozTaB-YsF,5900750,5.63,2024-09-29T05:37:52Z,2024-09-29 00:37:52,B,2024-09-28,Saturday night,https://drive.google.com/file/d/19KNR3vRNRU-_HCV8xG1M8gAozTaB-YsF/view,https://drive.google.com/uc?export=download&id=19KNR3vRNRU-_HCV8xG1M8gAozTaB-YsF,https://drive.google.com/thumbnail?id=19KNR3vRNRU-_HCV8xG1M8gAozTaB-YsF&sz=w1200
IMG_2201.JPG,2201,1wlHDyBgP1ydPIsVQe-Pp-EXi7uarrLNi,6441111,6.14,2024-09-29T05:38:21Z,2024-09-29 00:38:21,B,2024-09-28,Saturday night,https://drive.google.com/file/d/1wlHDyBgP1ydPIsVQe-Pp-EXi7uarrLNi/view,https://drive.google.com/uc?export=download&id=1wlHDyBgP1ydPIsVQe-Pp-EXi7uarrLNi,https://drive.google.com/thumbnail?id=1wlHDyBgP1ydPIsVQe-Pp-EXi7uarrLNi&sz=w1200
IMG_2202.JPG,2202,14a8w05HfsqQz11nsbY3qgrYlaC75JX7G,5963557,5.69,2024-09-29T05:38:28Z,2024-09-29 00:38:28,B,2024-09-28,Saturday night,https://drive.google.com/file/d/14a8w05HfsqQz11nsbY3qgrYlaC75JX7G/view,https://drive.google.com/uc?export=download&id=14a8w05HfsqQz11nsbY3qgrYlaC75JX7G,https://drive.google.com/thumbnail?id=14a8w05HfsqQz11nsbY3qgrYlaC75JX7G&sz=w1200
IMG_2203.JPG,2203,1nPlOYv9ydsFincJMyHnTM3XwmAQRF3Io,5841786,5.57,2024-09-29T05:38:40Z,2024-09-29 00:38:40,B,2024-09-28,Saturday night,https://drive.google.com/file/d/1nPlOYv9ydsFincJMyHnTM3XwmAQRF3Io/view,https://drive.google.com/uc?export=download&id=1nPlOYv9ydsFincJMyHnTM3XwmAQRF3Io,https://drive.google.com/thumbnail?id=1nPlOYv9ydsFincJMyHnTM3XwmAQRF3Io&sz=w1200
IMG_2204.JPG,2204,1Svv09ZuymzbYdJX3prHrd3npEc1DoTAL,4960614,4.73,2024-09-29T05:38:47Z,2024-09-29 00:38:47,B,2024-09-28,Saturday night,https://drive.google.com/file/d/1Svv09ZuymzbYdJX3prHrd3npEc1DoTAL/view,https://drive.google.com/uc?export=download&id=1Svv09ZuymzbYdJX3prHrd3npEc1DoTAL,https://drive.google.com/thumbnail?id=1Svv09ZuymzbYdJX3prHrd3npEc1DoTAL&sz=w1200
IMG_2205.JPG,2205,12LYuKPJ7P6dZBBv0sPdNey5JwxHvyPRV,5529786,5.27,2024-09-29T05:39:47Z,2024-09-29 00:39:47,B,2024-09-28,Saturday night,https://drive.google.com/file/d/12LYuKPJ7P6dZBBv0sPdNey5JwxHvyPRV/view,https://drive.google.com/uc?export=download&id=12LYuKPJ7P6dZBBv0sPdNey5JwxHvyPRV,https://drive.google.com/thumbnail?id=12LYuKPJ7P6dZBBv0sPdNey5JwxHvyPRV&sz=w1200
IMG_2206.JPG,2206,1_oBhgwZwebnw8SX6Lg61jT9Za0Sl0nVn,5094839,4.86,2024-09-29T05:40:04Z,2024-09-29 00:40:04,B,2024-09-28,Saturday night,https://drive.google.com/file/d/1_oBhgwZwebnw8SX6Lg61jT9Za0Sl0nVn/view,https://drive.google.com/uc?export=download&id=1_oBhgwZwebnw8SX6Lg61jT9Za0Sl0nVn,https://drive.google.com/thumbnail?id=1_oBhgwZwebnw8SX6Lg61jT9Za0Sl0nVn&sz=w1200
IMG_2207.JPG,2207,1CwAzqvxw8rPztZesAOnh3MGFRBTFvAq1,5645294,5.38,2024-09-29T05:40:12Z,2024-09-29 00:40:12,B,2024-09-28,Saturday night,https://drive.google.com/file/d/1CwAzqvxw8rPztZesAOnh3MGFRBTFvAq1/view,https://drive.google.com/uc?export=download&id=1CwAzqvxw8rPztZesAOnh3MGFRBTFvAq1,https://drive.google.com/thumbnail?id=1CwAzqvxw8rPztZesAOnh3MGFRBTFvAq1&sz=w1200
IMG_2208.JPG,2208,1PHkUX9wkLa94ZSj7Ma_YXnpIERlqWJmL,5862618,5.59,2024-09-29T05:40:15Z,2024-09-29 00:40:15,B,2024-09-28,Saturday night,https://drive.google.com/file/d/1PHkUX9wkLa94ZSj7Ma_YXnpIERlqWJmL/view,https://drive.google.com/uc?export=download&id=1PHkUX9wkLa94ZSj7Ma_YXnpIERlqWJmL,https://drive.google.com/thumbnail?id=1PHkUX9wkLa94ZSj7Ma_YXnpIERlqWJmL&sz=w1200
IMG_2209.JPG,2209,19GGWKPwAnXJZ9C4TXHYHW6oQEvCNO0un,5435007,5.18,2024-09-29T05:40:40Z,2024-09-29 00:40:40,B,2024-09-28,Saturday night,https://drive.google.com/file/d/19GGWKPwAnXJZ9C4TXHYHW6oQEvCNO0un/view,https://drive.google.com/uc?export=download&id=19GGWKPwAnXJZ9C4TXHYHW6oQEvCNO0un,https://drive.google.com/thumbnail?id=19GGWKPwAnXJZ9C4TXHYHW6oQEvCNO0un&sz=w1200
IMG_2210.JPG,2210,1jq2kQM2HckzehwKttEJlcEn7jSzbxNDA,6251917,5.96,2024-09-29T05:43:20Z,2024-09-29 00:43:20,B,2024-09-28,Saturday night,https://drive.google.com/file/d/1jq2kQM2HckzehwKttEJlcEn7jSzbxNDA/view,https://drive.google.com/uc?export=download&id=1jq2kQM2HckzehwKttEJlcEn7jSzbxNDA,https://drive.google.com/thumbnail?id=1jq2kQM2HckzehwKttEJlcEn7jSzbxNDA&sz=w1200
IMG_2211.JPG,2211,1T14qyn3JUEsrm8y6V3evwKPMd8rJhtMZ,6112122,5.83,2024-09-29T05:43:24Z,2024-09-29 00:43:24,B,2024-09-28,Saturday night,https://drive.google.com/file/d/1T14qyn3JUEsrm8y6V3evwKPMd8rJhtMZ/view,https://drive.google.com/uc?export=download&id=1T14qyn3JUEsrm8y6V3evwKPMd8rJhtMZ,https://drive.google.com/thumbnail?id=1T14qyn3JUEsrm8y6V3evwKPMd8rJhtMZ&sz=w1200
IMG_2212.JPG,2212,1WcGSVXI4ViAYkntyIm4SXCEOZDCMOXsy,6411751,6.11,2024-09-29T05:43:34Z,2024-09-29 00:43:34,B,2024-09-28,Saturday night,https://drive.google.com/file/d/1WcGSVXI4ViAYkntyIm4SXCEOZDCMOXsy/view,https://drive.google.com/uc?export=download&id=1WcGSVXI4ViAYkntyIm4SXCEOZDCMOXsy,https://drive.google.com/thumbnail?id=1WcGSVXI4ViAYkntyIm4SXCEOZDCMOXsy&sz=w1200
IMG_2213.JPG,2213,16nyfsH1_XHkUOwg5j-nBRv74bSDONtNU,6455603,6.16,2024-09-29T05:43:35Z,2024-09-29 00:43:35,B,2024-09-28,Saturday night,https://drive.google.com/file/d/16nyfsH1_XHkUOwg5j-nBRv74bSDONtNU/view,https://drive.google.com/uc?export=download&id=16nyfsH1_XHkUOwg5j-nBRv74bSDONtNU,https://drive.google.com/thumbnail?id=16nyfsH1_XHkUOwg5j-nBRv74bSDONtNU&sz=w1200
IMG_2214.JPG,2214,1QusRd3-vOu4YuWQunMLU69WMk1VT1eXR,6204289,5.92,2024-09-29T05:43:42Z,2024-09-29 00:43:42,B,2024-09-28,Saturday night,https://drive.google.com/file/d/1QusRd3-vOu4YuWQunMLU69WMk1VT1eXR/view,https://drive.google.com/uc?export=download&id=1QusRd3-vOu4YuWQunMLU69WMk1VT1eXR,https://drive.google.com/thumbnail?id=1QusRd3-vOu4YuWQunMLU69WMk1VT1eXR&sz=w1200
IMG_2215.JPG,2215,1yxR-t7xtKgdDzP2QPxNTi76nCNTidwVW,6859841,6.54,2024-09-29T05:44:19Z,2024-09-29 00:44:19,B,2024-09-28,Saturday night,https://drive.google.com/file/d/1yxR-t7xtKgdDzP2QPxNTi76nCNTidwVW/view,https://drive.google.com/uc?export=download&id=1yxR-t7xtKgdDzP2QPxNTi76nCNTidwVW,https://drive.google.com/thumbnail?id=1yxR-t7xtKgdDzP2QPxNTi76nCNTidwVW&sz=w1200
IMG_2216.JPG,2216,1N5y_g10AjcjJBE1PIVmKsjSBn2S8pMim,6193895,5.91,2024-09-29T05:44:27Z,2024-09-29 00:44:27,B,2024-09-28,Saturday night,https://drive.google.com/file/d/1N5y_g10AjcjJBE1PIVmKsjSBn2S8pMim/view,https://drive.google.com/uc?export=download&id=1N5y_g10AjcjJBE1PIVmKsjSBn2S8pMim,https://drive.google.com/thumbnail?id=1N5y_g10AjcjJBE1PIVmKsjSBn2S8pMim&sz=w1200
IMG_2217.JPG,2217,14VcpR8Zy1bm_hVyNtYpdXa0bmYfAlCUS,6060984,5.78,2024-09-29T05:45:07Z,2024-09-29 00:45:07,B,2024-09-28,Saturday night,https://drive.google.com/file/d/14VcpR8Zy1bm_hVyNtYpdXa0bmYfAlCUS/view,https://drive.google.com/uc?export=download&id=14VcpR8Zy1bm_hVyNtYpdXa0bmYfAlCUS,https://drive.google.com/thumbnail?id=14VcpR8Zy1bm_hVyNtYpdXa0bmYfAlCUS&sz=w1200
IMG_2218.JPG,2218,1RDF7ZFj9q8pjFtgvVsAEELSjoyKF9Rpr,5280020,5.04,2024-09-29T05:45:19Z,2024-09-29 00:45:19,B,2024-09-28,Saturday night,https://drive.google.com/file/d/1RDF7ZFj9q8pjFtgvVsAEELSjoyKF9Rpr/view,https://drive.google.com/uc?export=download&id=1RDF7ZFj9q8pjFtgvVsAEELSjoyKF9Rpr,https://drive.google.com/thumbnail?id=1RDF7ZFj9q8pjFtgvVsAEELSjoyKF9Rpr&sz=w1200
IMG_2219.JPG,2219,1FCXIR68yCMcqzgdDQWzeGn_sYZz06tYY,6022115,5.74,2024-09-29T05:45:23Z,2024-09-29 00:45:23,B,2024-09-28,Saturday night,https://drive.google.com/file/d/1FCXIR68yCMcqzgdDQWzeGn_sYZz06tYY/view,https://drive.google.com/uc?export=download&id=1FCXIR68yCMcqzgdDQWzeGn_sYZz06tYY,https://drive.google.com/thumbnail?id=1FCXIR68yCMcqzgdDQWzeGn_sYZz06tYY&sz=w1200
IMG_2220.JPG,2220,1u2p39x8Le432M1Wv19KGaki0ek8XlqLz,6613545,6.31,2024-09-29T05:45:48Z,2024-09-29 00:45:48,B,2024-09-28,Saturday night,https://drive.google.com/file/d/1u2p39x8Le432M1Wv19KGaki0ek8XlqLz/view,https://drive.google.com/uc?export=download&id=1u2p39x8Le432M1Wv19KGaki0ek8XlqLz,https://drive.google.com/thumbnail?id=1u2p39x8Le432M1Wv19KGaki0ek8XlqLz&sz=w1200
IMG_2221.JPG,2221,12_L6mHWrO04atH-B-Vecx8NnGu9Hldia,5821522,5.55,2024-09-29T05:45:56Z,2024-09-29 00:45:56,B,2024-09-28,Saturday night,https://drive.google.com/file/d/12_L6mHWrO04atH-B-Vecx8NnGu9Hldia/view,https://drive.google.com/uc?export=download&id=12_L6mHWrO04atH-B-Vecx8NnGu9Hldia,https://drive.google.com/thumbnail?id=12_L6mHWrO04atH-B-Vecx8NnGu9Hldia&sz=w1200
IMG_2222.JPG,2222,1junRB362UTDSdy3jh8gKfxHLoZY_JBM6,5791477,5.52,2024-09-29T05:46:02Z,2024-09-29 00:46:02,B,2024-09-28,Saturday night,https://drive.google.com/file/d/1junRB362UTDSdy3jh8gKfxHLoZY_JBM6/view,https://drive.google.com/uc?export=download&id=1junRB362UTDSdy3jh8gKfxHLoZY_JBM6,https://drive.google.com/thumbnail?id=1junRB362UTDSdy3jh8gKfxHLoZY_JBM6&sz=w1200
IMG_2223.JPG,2223,1e7BPVYzBFyg81f6DGfLUR0kwZ2QFYNfZ,6535748,6.23,2024-09-29T05:46:13Z,2024-09-29 00:46:13,B,2024-09-28,Saturday night,https://drive.google.com/file/d/1e7BPVYzBFyg81f6DGfLUR0kwZ2QFYNfZ/view,https://drive.google.com/uc?export=download&id=1e7BPVYzBFyg81f6DGfLUR0kwZ2QFYNfZ,https://drive.google.com/thumbnail?id=1e7BPVYzBFyg81f6DGfLUR0kwZ2QFYNfZ&sz=w1200
IMG_2224.JPG,2224,12_ju2squt0gkCkxasG1CiQ3skyb7uxIJ,6193831,5.91,2024-09-29T05:46:22Z,2024-09-29 00:46:22,B,2024-09-28,Saturday night,https://drive.google.com/file/d/12_ju2squt0gkCkxasG1CiQ3skyb7uxIJ/view,https://drive.google.com/uc?export=download&id=12_ju2squt0gkCkxasG1CiQ3skyb7uxIJ,https://drive.google.com/thumbnail?id=12_ju2squt0gkCkxasG1CiQ3skyb7uxIJ&sz=w1200
IMG_2225.JPG,2225,1AHw96OQdISWX4GKaSLqZHOhWlnItL9WB,5499338,5.24,2024-09-29T05:46:29Z,2024-09-29 00:46:29,B,2024-09-28,Saturday night,https://drive.google.com/file/d/1AHw96OQdISWX4GKaSLqZHOhWlnItL9WB/view,https://drive.google.com/uc?export=download&id=1AHw96OQdISWX4GKaSLqZHOhWlnItL9WB,https://drive.google.com/thumbnail?id=1AHw96OQdISWX4GKaSLqZHOhWlnItL9WB&sz=w1200
IMG_2227.JPG,2227,1kw2FkyDUGoRWAF0O6X6lfFU19SLbhuDg,4107438,3.92,2024-09-29T05:47:19Z,2024-09-29 00:47:19,B,2024-09-28,Saturday night,https://drive.google.com/file/d/1kw2FkyDUGoRWAF0O6X6lfFU19SLbhuDg/view,https://drive.google.com/uc?export=download&id=1kw2FkyDUGoRWAF0O6X6lfFU19SLbhuDg,https://drive.google.com/thumbnail?id=1kw2FkyDUGoRWAF0O6X6lfFU19SLbhuDg&sz=w1200
IMG_2228.JPG,2228,11axlhgfs4Jd4P21ahJjRvAV5LlX7hrES,5010695,4.78,2024-09-29T05:47:32Z,2024-09-29 00:47:32,B,2024-09-28,Saturday night,https://drive.google.com/file/d/11axlhgfs4Jd4P21ahJjRvAV5LlX7hrES/view,https://drive.google.com/uc?export=download&id=11axlhgfs4Jd4P21ahJjRvAV5LlX7hrES,https://drive.google.com/thumbnail?id=11axlhgfs4Jd4P21ahJjRvAV5LlX7hrES&sz=w1200
IMG_2229.JPG,2229,18keelp9A3Gol3MGlCwGz1qAIMdIaiaAJ,6675267,6.37,2024-09-29T05:49:33Z,2024-09-29 00:49:33,B,2024-09-28,Saturday night,https://drive.google.com/file/d/18keelp9A3Gol3MGlCwGz1qAIMdIaiaAJ/view,https://drive.google.com/uc?export=download&id=18keelp9A3Gol3MGlCwGz1qAIMdIaiaAJ,https://drive.google.com/thumbnail?id=18keelp9A3Gol3MGlCwGz1qAIMdIaiaAJ&sz=w1200
IMG_2230.JPG,2230,1B0pRG-tyurY469GoxX-DTxkyk1gMY5iU,5823451,5.55,2024-09-29T05:49:43Z,2024-09-29 00:49:43,B,2024-09-28,Saturday night,https://drive.google.com/file/d/1B0pRG-tyurY469GoxX-DTxkyk1gMY5iU/view,https://drive.google.com/uc?export=download&id=1B0pRG-tyurY469GoxX-DTxkyk1gMY5iU,https://drive.google.com/thumbnail?id=1B0pRG-tyurY469GoxX-DTxkyk1gMY5iU&sz=w1200
IMG_2231.JPG,2231,1Jube1KpG0rT6jabsQGsHRSiuWbq5M5L7,5329544,5.08,2024-09-29T05:51:19Z,2024-09-29 00:51:19,B,2024-09-28,Saturday night,https://drive.google.com/file/d/1Jube1KpG0rT6jabsQGsHRSiuWbq5M5L7/view,https://drive.google.com/uc?export=download&id=1Jube1KpG0rT6jabsQGsHRSiuWbq5M5L7,https://drive.google.com/thumbnail?id=1Jube1KpG0rT6jabsQGsHRSiuWbq5M5L7&sz=w1200
IMG_2232.JPG,2232,10sLbF96gIQawIZcKf940fUBqIZvZH8CA,6268312,5.98,2024-09-29T05:51:24Z,2024-09-29 00:51:24,B,2024-09-28,Saturday night,https://drive.google.com/file/d/10sLbF96gIQawIZcKf940fUBqIZvZH8CA/view,https://drive.google.com/uc?export=download&id=10sLbF96gIQawIZcKf940fUBqIZvZH8CA,https://drive.google.com/thumbnail?id=10sLbF96gIQawIZcKf940fUBqIZvZH8CA&sz=w1200
IMG_2234.JPG,2234,144bypOnxsayPMCAkjaGn_q963kZAkfIl,6690982,6.38,2024-09-29T05:51:32Z,2024-09-29 00:51:32,B,2024-09-28,Saturday night,https://drive.google.com/file/d/144bypOnxsayPMCAkjaGn_q963kZAkfIl/view,https://drive.google.com/uc?export=download&id=144bypOnxsayPMCAkjaGn_q963kZAkfIl,https://drive.google.com/thumbnail?id=144bypOnxsayPMCAkjaGn_q963kZAkfIl&sz=w1200
IMG_2235.JPG,2235,1CLIgp1VxLQl-foEUSu1T15e-9LSxsmAZ,5402358,5.15,2024-09-29T05:51:57Z,2024-09-29 00:51:57,B,2024-09-28,Saturday night,https://drive.google.com/file/d/1CLIgp1VxLQl-foEUSu1T15e-9LSxsmAZ/view,https://drive.google.com/uc?export=download&id=1CLIgp1VxLQl-foEUSu1T15e-9LSxsmAZ,https://drive.google.com/thumbnail?id=1CLIgp1VxLQl-foEUSu1T15e-9LSxsmAZ&sz=w1200
IMG_2236.JPG,2236,1AL4zYsOXEFkaPjYA_bXmBZSKdFJFWTNw,5182152,4.94,2024-09-29T05:52:44Z,2024-09-29 00:52:44,B,2024-09-28,Saturday night,https://drive.google.com/file/d/1AL4zYsOXEFkaPjYA_bXmBZSKdFJFWTNw/view,https://drive.google.com/uc?export=download&id=1AL4zYsOXEFkaPjYA_bXmBZSKdFJFWTNw,https://drive.google.com/thumbnail?id=1AL4zYsOXEFkaPjYA_bXmBZSKdFJFWTNw&sz=w1200
IMG_2237.JPG,2237,1dKjGLpBtXWl67HH_EyP-Y10ivlhJm-3R,5576343,5.32,2024-09-29T05:52:52Z,2024-09-29 00:52:52,B,2024-09-28,Saturday night,https://drive.google.com/file/d/1dKjGLpBtXWl67HH_EyP-Y10ivlhJm-3R/view,https://drive.google.com/uc?export=download&id=1dKjGLpBtXWl67HH_EyP-Y10ivlhJm-3R,https://drive.google.com/thumbnail?id=1dKjGLpBtXWl67HH_EyP-Y10ivlhJm-3R&sz=w1200
IMG_2238.JPG,2238,14t-LGiG3Nj_zp5qpWhe9OtxJHSdfjC9E,5287811,5.04,2024-09-29T05:53:39Z,2024-09-29 00:53:39,B,2024-09-28,Saturday night,https://drive.google.com/file/d/14t-LGiG3Nj_zp5qpWhe9OtxJHSdfjC9E/view,https://drive.google.com/uc?export=download&id=14t-LGiG3Nj_zp5qpWhe9OtxJHSdfjC9E,https://drive.google.com/thumbnail?id=14t-LGiG3Nj_zp5qpWhe9OtxJHSdfjC9E&sz=w1200
IMG_2239.JPG,2239,1rqHv-q_WeG3xVWxNfBuqwG97IRjhDvEm,6312433,6.02,2024-09-29T05:53:58Z,2024-09-29 00:53:58,B,2024-09-28,Saturday night,https://drive.google.com/file/d/1rqHv-q_WeG3xVWxNfBuqwG97IRjhDvEm/view,https://drive.google.com/uc?export=download&id=1rqHv-q_WeG3xVWxNfBuqwG97IRjhDvEm,https://drive.google.com/thumbnail?id=1rqHv-q_WeG3xVWxNfBuqwG97IRjhDvEm&sz=w1200
IMG_2240.JPG,2240,1Vvef_S-t6rfBWq8zaN0nHJU-C1za17CP,5878654,5.61,2024-09-29T05:54:34Z,2024-09-29 00:54:34,B,2024-09-28,Saturday night,https://drive.google.com/file/d/1Vvef_S-t6rfBWq8zaN0nHJU-C1za17CP/view,https://drive.google.com/uc?export=download&id=1Vvef_S-t6rfBWq8zaN0nHJU-C1za17CP,https://drive.google.com/thumbnail?id=1Vvef_S-t6rfBWq8zaN0nHJU-C1za17CP&sz=w1200
IMG_2241.JPG,2241,1KnJGBNJraL26z1LasvJHAfqm__fW_SKK,5819119,5.55,2024-09-29T05:57:41Z,2024-09-29 00:57:41,B,2024-09-28,Saturday night,https://drive.google.com/file/d/1KnJGBNJraL26z1LasvJHAfqm__fW_SKK/view,https://drive.google.com/uc?export=download&id=1KnJGBNJraL26z1LasvJHAfqm__fW_SKK,https://drive.google.com/thumbnail?id=1KnJGBNJraL26z1LasvJHAfqm__fW_SKK&sz=w1200
IMG_2242.JPG,2242,13wvOV8KUVzGf36Kg5-T4tJi_tAymYw12,5850193,5.58,2024-09-29T06:00:08Z,2024-09-29 01:00:08,B,2024-09-28,Saturday night,https://drive.google.com/file/d/13wvOV8KUVzGf36Kg5-T4tJi_tAymYw12/view,https://drive.google.com/uc?export=download&id=13wvOV8KUVzGf36Kg5-T4tJi_tAymYw12,https://drive.google.com/thumbnail?id=13wvOV8KUVzGf36Kg5-T4tJi_tAymYw12&sz=w1200
IMG_2243.JPG,2243,1bLBVIYy4rj9X7KCLqHRKfFY3P5vrh-m7,5967636,5.69,2024-09-29T06:00:13Z,2024-09-29 01:00:13,B,2024-09-28,Saturday night,https://drive.google.com/file/d/1bLBVIYy4rj9X7KCLqHRKfFY3P5vrh-m7/view,https://drive.google.com/uc?export=download&id=1bLBVIYy4rj9X7KCLqHRKfFY3P5vrh-m7,https://drive.google.com/thumbnail?id=1bLBVIYy4rj9X7KCLqHRKfFY3P5vrh-m7&sz=w1200
IMG_2244.JPG,2244,1bhejLsk4qV8wF1eYIXPbVOzewj72Kbzp,5831137,5.56,2024-09-29T06:04:38Z,2024-09-29 01:04:38,B,2024-09-28,Saturday night,https://drive.google.com/file/d/1bhejLsk4qV8wF1eYIXPbVOzewj72Kbzp/view,https://drive.google.com/uc?export=download&id=1bhejLsk4qV8wF1eYIXPbVOzewj72Kbzp,https://drive.google.com/thumbnail?id=1bhejLsk4qV8wF1eYIXPbVOzewj72Kbzp&sz=w1200
IMG_2245.JPG,2245,1kMI_V8Fq6sdHBD2ioIJZPbB5L2Am9LhL,5821794,5.55,2024-09-29T06:04:53Z,2024-09-29 01:04:53,B,2024-09-28,Saturday night,https://drive.google.com/file/d/1kMI_V8Fq6sdHBD2ioIJZPbB5L2Am9LhL/view,https://drive.google.com/uc?export=download&id=1kMI_V8Fq6sdHBD2ioIJZPbB5L2Am9LhL,https://drive.google.com/thumbnail?id=1kMI_V8Fq6sdHBD2ioIJZPbB5L2Am9LhL&sz=w1200
IMG_2246.JPG,2246,1eSTDuPESFiJRdoUPjjFiSngxPKOKqPcl,5996245,5.72,2024-09-29T06:05:42Z,2024-09-29 01:05:42,B,2024-09-28,Saturday night,https://drive.google.com/file/d/1eSTDuPESFiJRdoUPjjFiSngxPKOKqPcl/view,https://drive.google.com/uc?export=download&id=1eSTDuPESFiJRdoUPjjFiSngxPKOKqPcl,https://drive.google.com/thumbnail?id=1eSTDuPESFiJRdoUPjjFiSngxPKOKqPcl&sz=w1200
IMG_2247.JPG,2247,1L7aH8lB5nyW7v7Rv8ussZo1Br0VgjSX2,5945465,5.67,2024-09-29T06:08:52Z,2024-09-29 01:08:52,B,2024-09-28,Saturday night,https://drive.google.com/file/d/1L7aH8lB5nyW7v7Rv8ussZo1Br0VgjSX2/view,https://drive.google.com/uc?export=download&id=1L7aH8lB5nyW7v7Rv8ussZo1Br0VgjSX2,https://drive.google.com/thumbnail?id=1L7aH8lB5nyW7v7Rv8ussZo1Br0VgjSX2&sz=w1200
IMG_2248.JPG,2248,1n9bTt8bAh9KLEymnxs_Ih2Gr8Y1Rqlnh,4842096,4.62,2024-09-29T06:10:06Z,2024-09-29 01:10:06,B,2024-09-28,Saturday night,https://drive.google.com/file/d/1n9bTt8bAh9KLEymnxs_Ih2Gr8Y1Rqlnh/view,https://drive.google.com/uc?export=download&id=1n9bTt8bAh9KLEymnxs_Ih2Gr8Y1Rqlnh,https://drive.google.com/thumbnail?id=1n9bTt8bAh9KLEymnxs_Ih2Gr8Y1Rqlnh&sz=w1200
IMG_2249.JPG,2249,1WxpxXTdfIbm0hQj6LbXppF5ryb-JeggE,5674840,5.41,2024-09-29T06:10:15Z,2024-09-29 01:10:15,B,2024-09-28,Saturday night,https://drive.google.com/file/d/1WxpxXTdfIbm0hQj6LbXppF5ryb-JeggE/view,https://drive.google.com/uc?export=download&id=1WxpxXTdfIbm0hQj6LbXppF5ryb-JeggE,https://drive.google.com/thumbnail?id=1WxpxXTdfIbm0hQj6LbXppF5ryb-JeggE&sz=w1200
IMG_2250.JPG,2250,14tJ9eRelAnXuWHMLgLVdQ5ibtWUpSDyh,5832189,5.56,2024-09-29T06:11:16Z,2024-09-29 01:11:16,B,2024-09-28,Saturday night,https://drive.google.com/file/d/14tJ9eRelAnXuWHMLgLVdQ5ibtWUpSDyh/view,https://drive.google.com/uc?export=download&id=14tJ9eRelAnXuWHMLgLVdQ5ibtWUpSDyh,https://drive.google.com/thumbnail?id=14tJ9eRelAnXuWHMLgLVdQ5ibtWUpSDyh&sz=w1200
IMG_2251.JPG,2251,1exPdF7QHmFUEmwYyrQW4CuohmCE5snlT,6312133,6.02,2024-09-29T06:11:41Z,2024-09-29 01:11:41,B,2024-09-28,Saturday night,https://drive.google.com/file/d/1exPdF7QHmFUEmwYyrQW4CuohmCE5snlT/view,https://drive.google.com/uc?export=download&id=1exPdF7QHmFUEmwYyrQW4CuohmCE5snlT,https://drive.google.com/thumbnail?id=1exPdF7QHmFUEmwYyrQW4CuohmCE5snlT&sz=w1200
IMG_2254.JPG,2254,1p9ilydnDbAyh7YbWP-AvxNCOxWvk1U0K,5847313,5.58,2024-09-29T06:14:43Z,2024-09-29 01:14:43,B,2024-09-28,Saturday night,https://drive.google.com/file/d/1p9ilydnDbAyh7YbWP-AvxNCOxWvk1U0K/view,https://drive.google.com/uc?export=download&id=1p9ilydnDbAyh7YbWP-AvxNCOxWvk1U0K,https://drive.google.com/thumbnail?id=1p9ilydnDbAyh7YbWP-AvxNCOxWvk1U0K&sz=w1200
IMG_2256.JPG,2256,1GiWtsYVhV4Iot-JasaF1AYzXbraseTs4,5763647,5.5,2024-09-29T06:15:23Z,2024-09-29 01:15:23,B,2024-09-28,Saturday night,https://drive.google.com/file/d/1GiWtsYVhV4Iot-JasaF1AYzXbraseTs4/view,https://drive.google.com/uc?export=download&id=1GiWtsYVhV4Iot-JasaF1AYzXbraseTs4,https://drive.google.com/thumbnail?id=1GiWtsYVhV4Iot-JasaF1AYzXbraseTs4&sz=w1200
IMG_2258.JPG,2258,1Q7T9lrej67R5YeecE1bcVza7myuxeftd,5575958,5.32,2024-09-29T06:15:36Z,2024-09-29 01:15:36,B,2024-09-28,Saturday night,https://drive.google.com/file/d/1Q7T9lrej67R5YeecE1bcVza7myuxeftd/view,https://drive.google.com/uc?export=download&id=1Q7T9lrej67R5YeecE1bcVza7myuxeftd,https://drive.google.com/thumbnail?id=1Q7T9lrej67R5YeecE1bcVza7myuxeftd&sz=w1200
IMG_2259.JPG,2259,1dINwgWVDKD1uxaJIuNRsG7uFI-4bU3tF,4236531,4.04,2024-09-29T06:17:01Z,2024-09-29 01:17:01,B,2024-09-28,Saturday night,https://drive.google.com/file/d/1dINwgWVDKD1uxaJIuNRsG7uFI-4bU3tF/view,https://drive.google.com/uc?export=download&id=1dINwgWVDKD1uxaJIuNRsG7uFI-4bU3tF,https://drive.google.com/thumbnail?id=1dINwgWVDKD1uxaJIuNRsG7uFI-4bU3tF&sz=w1200
IMG_2260.JPG,2260,155qSREy-wjdAs7l7J8LogfyIugFRXsEG,5389787,5.14,2024-09-29T06:17:06Z,2024-09-29 01:17:06,B,2024-09-28,Saturday night,https://drive.google.com/file/d/155qSREy-wjdAs7l7J8LogfyIugFRXsEG/view,https://drive.google.com/uc?export=download&id=155qSREy-wjdAs7l7J8LogfyIugFRXsEG,https://drive.google.com/thumbnail?id=155qSREy-wjdAs7l7J8LogfyIugFRXsEG&sz=w1200
IMG_2261.JPG,2261,18VS0f3uDGVXfZU0vawh9e9MSTTwCHv9A,5426829,5.18,2024-09-29T06:17:45Z,2024-09-29 01:17:45,B,2024-09-28,Saturday night,https://drive.google.com/file/d/18VS0f3uDGVXfZU0vawh9e9MSTTwCHv9A/view,https://drive.google.com/uc?export=download&id=18VS0f3uDGVXfZU0vawh9e9MSTTwCHv9A,https://drive.google.com/thumbnail?id=18VS0f3uDGVXfZU0vawh9e9MSTTwCHv9A&sz=w1200
IMG_2262.JPG,2262,1DEyXctgqT8oGOiIwvNJv5GeSHE9RnNLi,4351801,4.15,2024-09-29T06:22:05Z,2024-09-29 01:22:05,B,2024-09-28,Saturday night,https://drive.google.com/file/d/1DEyXctgqT8oGOiIwvNJv5GeSHE9RnNLi/view,https://drive.google.com/uc?export=download&id=1DEyXctgqT8oGOiIwvNJv5GeSHE9RnNLi,https://drive.google.com/thumbnail?id=1DEyXctgqT8oGOiIwvNJv5GeSHE9RnNLi&sz=w1200
IMG_2264.JPG,2264,1RI_8zRamiUoFwEmuGrLkrxwCmjellbO6,4470712,4.26,2024-09-29T06:25:46Z,2024-09-29 01:25:46,B,2024-09-28,Saturday night,https://drive.google.com/file/d/1RI_8zRamiUoFwEmuGrLkrxwCmjellbO6/view,https://drive.google.com/uc?export=download&id=1RI_8zRamiUoFwEmuGrLkrxwCmjellbO6,https://drive.google.com/thumbnail?id=1RI_8zRamiUoFwEmuGrLkrxwCmjellbO6&sz=w1200
IMG_2265.JPG,2265,1UN1M5vVfH5KKT_0jF-ix6QY3hBmWrnBp,4968509,4.74,2024-09-29T06:25:56Z,2024-09-29 01:25:56,B,2024-09-28,Saturday night,https://drive.google.com/file/d/1UN1M5vVfH5KKT_0jF-ix6QY3hBmWrnBp/view,https://drive.google.com/uc?export=download&id=1UN1M5vVfH5KKT_0jF-ix6QY3hBmWrnBp,https://drive.google.com/thumbnail?id=1UN1M5vVfH5KKT_0jF-ix6QY3hBmWrnBp&sz=w1200
IMG_2266.JPG,2266,15FRd_wdR__Vzo59tyNI8YpVrSv09d3-2,4448175,4.24,2024-09-29T06:26:06Z,2024-09-29 01:26:06,B,2024-09-28,Saturday night,https://drive.google.com/file/d/15FRd_wdR__Vzo59tyNI8YpVrSv09d3-2/view,https://drive.google.com/uc?export=download&id=15FRd_wdR__Vzo59tyNI8YpVrSv09d3-2,https://drive.google.com/thumbnail?id=15FRd_wdR__Vzo59tyNI8YpVrSv09d3-2&sz=w1200
IMG_2267.JPG,2267,1Y5edjxrjteyxq_nQ_OMa9c5VGibJPtEq,4977012,4.75,2024-09-29T06:26:18Z,2024-09-29 01:26:18,B,2024-09-28,Saturday night,https://drive.google.com/file/d/1Y5edjxrjteyxq_nQ_OMa9c5VGibJPtEq/view,https://drive.google.com/uc?export=download&id=1Y5edjxrjteyxq_nQ_OMa9c5VGibJPtEq,https://drive.google.com/thumbnail?id=1Y5edjxrjteyxq_nQ_OMa9c5VGibJPtEq&sz=w1200
IMG_2268.JPG,2268,1E59dtw8BefwZEB0McOJTKH78bbKkgt6D,5557420,5.3,2024-09-29T06:27:43Z,2024-09-29 01:27:43,B,2024-09-28,Saturday night,https://drive.google.com/file/d/1E59dtw8BefwZEB0McOJTKH78bbKkgt6D/view,https://drive.google.com/uc?export=download&id=1E59dtw8BefwZEB0McOJTKH78bbKkgt6D,https://drive.google.com/thumbnail?id=1E59dtw8BefwZEB0McOJTKH78bbKkgt6D&sz=w1200
IMG_2271.JPG,2271,1TKGPJ3ycsQc6K4Z4ZKAxVzf0VQ2JXXZi,5602337,5.34,2024-09-29T06:29:23Z,2024-09-29 01:29:23,B,2024-09-28,Saturday night,https://drive.google.com/file/d/1TKGPJ3ycsQc6K4Z4ZKAxVzf0VQ2JXXZi/view,https://drive.google.com/uc?export=download&id=1TKGPJ3ycsQc6K4Z4ZKAxVzf0VQ2JXXZi,https://drive.google.com/thumbnail?id=1TKGPJ3ycsQc6K4Z4ZKAxVzf0VQ2JXXZi&sz=w1200
IMG_2272.JPG,2272,1rO_eXE9IPBWQo48dKySS6yM1DdJbK4Vq,3899739,3.72,2024-09-29T06:29:41Z,2024-09-29 01:29:41,B,2024-09-28,Saturday night,https://drive.google.com/file/d/1rO_eXE9IPBWQo48dKySS6yM1DdJbK4Vq/view,https://drive.google.com/uc?export=download&id=1rO_eXE9IPBWQo48dKySS6yM1DdJbK4Vq,https://drive.google.com/thumbnail?id=1rO_eXE9IPBWQo48dKySS6yM1DdJbK4Vq&sz=w1200
IMG_2273.JPG,2273,1R5CHGFioiN7NJVFK7flnsTk8LkM6IVPC,5635895,5.37,2024-09-29T06:30:13Z,2024-09-29 01:30:13,B,2024-09-28,Saturday night,https://drive.google.com/file/d/1R5CHGFioiN7NJVFK7flnsTk8LkM6IVPC/view,https://drive.google.com/uc?export=download&id=1R5CHGFioiN7NJVFK7flnsTk8LkM6IVPC,https://drive.google.com/thumbnail?id=1R5CHGFioiN7NJVFK7flnsTk8LkM6IVPC&sz=w1200
IMG_2274.JPG,2274,1ybmNi-4BfRycZ3W92NpyjeS8fl52cRPn,5344327,5.1,2024-09-29T06:31:04Z,2024-09-29 01:31:04,B,2024-09-28,Saturday night,https://drive.google.com/file/d/1ybmNi-4BfRycZ3W92NpyjeS8fl52cRPn/view,https://drive.google.com/uc?export=download&id=1ybmNi-4BfRycZ3W92NpyjeS8fl52cRPn,https://drive.google.com/thumbnail?id=1ybmNi-4BfRycZ3W92NpyjeS8fl52cRPn&sz=w1200
IMG_2275.JPG,2275,1YI97U_OEeR_N59znRuctwDdL5EK-4sGN,6377978,6.08,2024-09-29T06:32:33Z,2024-09-29 01:32:33,B,2024-09-28,Saturday night,https://drive.google.com/file/d/1YI97U_OEeR_N59znRuctwDdL5EK-4sGN/view,https://drive.google.com/uc?export=download&id=1YI97U_OEeR_N59znRuctwDdL5EK-4sGN,https://drive.google.com/thumbnail?id=1YI97U_OEeR_N59znRuctwDdL5EK-4sGN&sz=w1200
IMG_2276.JPG,2276,1nNbTS0O5fXy8r210f3R_uZYSds9V3CTw,6952175,6.63,2024-09-29T06:32:35Z,2024-09-29 01:32:35,B,2024-09-28,Saturday night,https://drive.google.com/file/d/1nNbTS0O5fXy8r210f3R_uZYSds9V3CTw/view,https://drive.google.com/uc?export=download&id=1nNbTS0O5fXy8r210f3R_uZYSds9V3CTw,https://drive.google.com/thumbnail?id=1nNbTS0O5fXy8r210f3R_uZYSds9V3CTw&sz=w1200
IMG_2277.JPG,2277,1cfCWwJW2pLVSFLxSet2V8uK9m5KFlJyw,5819681,5.55,2024-09-29T06:40:24Z,2024-09-29 01:40:24,B,2024-09-28,Saturday night,https://drive.google.com/file/d/1cfCWwJW2pLVSFLxSet2V8uK9m5KFlJyw/view,https://drive.google.com/uc?export=download&id=1cfCWwJW2pLVSFLxSet2V8uK9m5KFlJyw,https://drive.google.com/thumbnail?id=1cfCWwJW2pLVSFLxSet2V8uK9m5KFlJyw&sz=w1200
IMG_2278.JPG,2278,1CNE349H2gQ94Pt49Qmoa2GAvDmrNSqWN,6509587,6.21,2024-09-29T06:40:39Z,2024-09-29 01:40:39,B,2024-09-28,Saturday night,https://drive.google.com/file/d/1CNE349H2gQ94Pt49Qmoa2GAvDmrNSqWN/view,https://drive.google.com/uc?export=download&id=1CNE349H2gQ94Pt49Qmoa2GAvDmrNSqWN,https://drive.google.com/thumbnail?id=1CNE349H2gQ94Pt49Qmoa2GAvDmrNSqWN&sz=w1200
IMG_2279.JPG,2279,1zyWEv-XH1Arz31mIy_-C3HD7TLno7oUt,6255660,5.97,2024-09-29T06:41:02Z,2024-09-29 01:41:02,B,2024-09-28,Saturday night,https://drive.google.com/file/d/1zyWEv-XH1Arz31mIy_-C3HD7TLno7oUt/view,https://drive.google.com/uc?export=download&id=1zyWEv-XH1Arz31mIy_-C3HD7TLno7oUt,https://drive.google.com/thumbnail?id=1zyWEv-XH1Arz31mIy_-C3HD7TLno7oUt&sz=w1200
IMG_2280.JPG,2280,1XJXzuKcQ67KwrojPgB_eQHw4JkY-xAdG,6434685,6.14,2024-09-29T06:41:17Z,2024-09-29 01:41:17,B,2024-09-28,Saturday night,https://drive.google.com/file/d/1XJXzuKcQ67KwrojPgB_eQHw4JkY-xAdG/view,https://drive.google.com/uc?export=download&id=1XJXzuKcQ67KwrojPgB_eQHw4JkY-xAdG,https://drive.google.com/thumbnail?id=1XJXzuKcQ67KwrojPgB_eQHw4JkY-xAdG&sz=w1200
IMG_2281.JPG,2281,1-XaM42RYmzqWKos9wS-ITsdKdTdDywwx,5760037,5.49,2024-09-29T06:41:45Z,2024-09-29 01:41:45,B,2024-09-28,Saturday night,https://drive.google.com/file/d/1-XaM42RYmzqWKos9wS-ITsdKdTdDywwx/view,https://drive.google.com/uc?export=download&id=1-XaM42RYmzqWKos9wS-ITsdKdTdDywwx,https://drive.google.com/thumbnail?id=1-XaM42RYmzqWKos9wS-ITsdKdTdDywwx&sz=w1200
IMG_2282.JPG,2282,1X9eJLTjhQZkwARyFI-dL_4aeegPFD_o-,6130378,5.85,2024-09-29T06:43:03Z,2024-09-29 01:43:03,B,2024-09-28,Saturday night,https://drive.google.com/file/d/1X9eJLTjhQZkwARyFI-dL_4aeegPFD_o-/view,https://drive.google.com/uc?export=download&id=1X9eJLTjhQZkwARyFI-dL_4aeegPFD_o-,https://drive.google.com/thumbnail?id=1X9eJLTjhQZkwARyFI-dL_4aeegPFD_o-&sz=w1200
IMG_2284.JPG,2284,1RNCiGycynxfin9TP9fghHR7gr5FUPsJd,5819498,5.55,2024-09-29T06:44:04Z,2024-09-29 01:44:04,B,2024-09-28,Saturday night,https://drive.google.com/file/d/1RNCiGycynxfin9TP9fghHR7gr5FUPsJd/view,https://drive.google.com/uc?export=download&id=1RNCiGycynxfin9TP9fghHR7gr5FUPsJd,https://drive.google.com/thumbnail?id=1RNCiGycynxfin9TP9fghHR7gr5FUPsJd&sz=w1200
IMG_2285.JPG,2285,1RV9o2Gs4giSNDLRS07ysIzchp5iQFD0R,6343039,6.05,2024-09-29T06:44:45Z,2024-09-29 01:44:45,B,2024-09-28,Saturday night,https://drive.google.com/file/d/1RV9o2Gs4giSNDLRS07ysIzchp5iQFD0R/view,https://drive.google.com/uc?export=download&id=1RV9o2Gs4giSNDLRS07ysIzchp5iQFD0R,https://drive.google.com/thumbnail?id=1RV9o2Gs4giSNDLRS07ysIzchp5iQFD0R&sz=w1200
IMG_2286.JPG,2286,1ggZUx8l6r-UJ0CeLArdbPhgaeNUVLkEp,4668521,4.45,2024-09-29T06:45:43Z,2024-09-29 01:45:43,B,2024-09-28,Saturday night,https://drive.google.com/file/d/1ggZUx8l6r-UJ0CeLArdbPhgaeNUVLkEp/view,https://drive.google.com/uc?export=download&id=1ggZUx8l6r-UJ0CeLArdbPhgaeNUVLkEp,https://drive.google.com/thumbnail?id=1ggZUx8l6r-UJ0CeLArdbPhgaeNUVLkEp&sz=w1200
IMG_2287.JPG,2287,1S1JGxx1rO9GCG4t8UTHtTz_2HiWeKZN0,6341663,6.05,2024-09-29T06:46:14Z,2024-09-29 01:46:14,B,2024-09-28,Saturday night,https://drive.google.com/file/d/1S1JGxx1rO9GCG4t8UTHtTz_2HiWeKZN0/view,https://drive.google.com/uc?export=download&id=1S1JGxx1rO9GCG4t8UTHtTz_2HiWeKZN0,https://drive.google.com/thumbnail?id=1S1JGxx1rO9GCG4t8UTHtTz_2HiWeKZN0&sz=w1200
IMG_2288.JPG,2288,1vpWTBT28O-mSTcqx21IcbwsOhqIfc0p3,6000659,5.72,2024-09-29T06:49:22Z,2024-09-29 01:49:22,B,2024-09-28,Saturday night,https://drive.google.com/file/d/1vpWTBT28O-mSTcqx21IcbwsOhqIfc0p3/view,https://drive.google.com/uc?export=download&id=1vpWTBT28O-mSTcqx21IcbwsOhqIfc0p3,https://drive.google.com/thumbnail?id=1vpWTBT28O-mSTcqx21IcbwsOhqIfc0p3&sz=w1200
IMG_2289.JPG,2289,1ip4acCH2N_zfgtobUmTK_kz4VQvSEfGo,4998838,4.77,2024-09-29T06:51:13Z,2024-09-29 01:51:13,B,2024-09-28,Saturday night,https://drive.google.com/file/d/1ip4acCH2N_zfgtobUmTK_kz4VQvSEfGo/view,https://drive.google.com/uc?export=download&id=1ip4acCH2N_zfgtobUmTK_kz4VQvSEfGo,https://drive.google.com/thumbnail?id=1ip4acCH2N_zfgtobUmTK_kz4VQvSEfGo&sz=w1200
IMG_2290.JPG,2290,1jV8fa_SOLkVGX8w0DuPk8hvyY6JbILAN,5076531,4.84,2024-09-29T06:53:05Z,2024-09-29 01:53:05,B,2024-09-28,Saturday night,https://drive.google.com/file/d/1jV8fa_SOLkVGX8w0DuPk8hvyY6JbILAN/view,https://drive.google.com/uc?export=download&id=1jV8fa_SOLkVGX8w0DuPk8hvyY6JbILAN,https://drive.google.com/thumbnail?id=1jV8fa_SOLkVGX8w0DuPk8hvyY6JbILAN&sz=w1200
IMG_2291.JPG,2291,1v397bBDvz1u5lvSDYMwV-ZOPmqQeBUIs,5868798,5.6,2024-09-29T06:53:34Z,2024-09-29 01:53:34,B,2024-09-28,Saturday night,https://drive.google.com/file/d/1v397bBDvz1u5lvSDYMwV-ZOPmqQeBUIs/view,https://drive.google.com/uc?export=download&id=1v397bBDvz1u5lvSDYMwV-ZOPmqQeBUIs,https://drive.google.com/thumbnail?id=1v397bBDvz1u5lvSDYMwV-ZOPmqQeBUIs&sz=w1200
IMG_2292.JPG,2292,1wYd6AZ2H2j1fSESep7ZNg1iWoTlqSLlv,5253483,5.01,2024-09-29T07:10:20Z,2024-09-29 02:10:20,B,2024-09-28,Saturday night,https://drive.google.com/file/d/1wYd6AZ2H2j1fSESep7ZNg1iWoTlqSLlv/view,https://drive.google.com/uc?export=download&id=1wYd6AZ2H2j1fSESep7ZNg1iWoTlqSLlv,https://drive.google.com/thumbnail?id=1wYd6AZ2H2j1fSESep7ZNg1iWoTlqSLlv&sz=w1200
IMG_2293.JPG,2293,15gJJ088cnQxzMHYOsj7ynti7dBsTbB0v,4813346,4.59,2024-09-29T07:10:30Z,2024-09-29 02:10:30,B,2024-09-28,Saturday night,https://drive.google.com/file/d/15gJJ088cnQxzMHYOsj7ynti7dBsTbB0v/view,https://drive.google.com/uc?export=download&id=15gJJ088cnQxzMHYOsj7ynti7dBsTbB0v,https://drive.google.com/thumbnail?id=15gJJ088cnQxzMHYOsj7ynti7dBsTbB0v&sz=w1200
IMG_2294.JPG,2294,1opMPBzNqnyYkTnZc0bIOLNiyCc08OYox,5435281,5.18,2024-09-29T07:11:26Z,2024-09-29 02:11:26,B,2024-09-28,Saturday night,https://drive.google.com/file/d/1opMPBzNqnyYkTnZc0bIOLNiyCc08OYox/view,https://drive.google.com/uc?export=download&id=1opMPBzNqnyYkTnZc0bIOLNiyCc08OYox,https://drive.google.com/thumbnail?id=1opMPBzNqnyYkTnZc0bIOLNiyCc08OYox&sz=w1200
IMG_2295.JPG,2295,1U7eMQw9LxK24_NUyipFWX25Gmn7YGAgg,5335606,5.09,2024-09-29T07:11:39Z,2024-09-29 02:11:39,B,2024-09-28,Saturday night,https://drive.google.com/file/d/1U7eMQw9LxK24_NUyipFWX25Gmn7YGAgg/view,https://drive.google.com/uc?export=download&id=1U7eMQw9LxK24_NUyipFWX25Gmn7YGAgg,https://drive.google.com/thumbnail?id=1U7eMQw9LxK24_NUyipFWX25Gmn7YGAgg&sz=w1200
IMG_2296.JPG,2296,18DytnpLYZCIG-T2OPhHu0nQ0Zx2XpkEc,5850713,5.58,2024-09-29T07:12:58Z,2024-09-29 02:12:58,B,2024-09-28,Saturday night,https://drive.google.com/file/d/18DytnpLYZCIG-T2OPhHu0nQ0Zx2XpkEc/view,https://drive.google.com/uc?export=download&id=18DytnpLYZCIG-T2OPhHu0nQ0Zx2XpkEc,https://drive.google.com/thumbnail?id=18DytnpLYZCIG-T2OPhHu0nQ0Zx2XpkEc&sz=w1200
IMG_2297.JPG,2297,1zYV3nZtj7uz7NckVCUnURMVvhr8tUaX7,6185448,5.9,2024-09-29T07:13:02Z,2024-09-29 02:13:02,B,2024-09-28,Saturday night,https://drive.google.com/file/d/1zYV3nZtj7uz7NckVCUnURMVvhr8tUaX7/view,https://drive.google.com/uc?export=download&id=1zYV3nZtj7uz7NckVCUnURMVvhr8tUaX7,https://drive.google.com/thumbnail?id=1zYV3nZtj7uz7NckVCUnURMVvhr8tUaX7&sz=w1200
IMG_2298.JPG,2298,11-pS4effdzG5N418TjxsKa5Gm0mohCnn,5737895,5.47,2024-09-29T07:13:09Z,2024-09-29 02:13:09,B,2024-09-28,Saturday night,https://drive.google.com/file/d/11-pS4effdzG5N418TjxsKa5Gm0mohCnn/view,https://drive.google.com/uc?export=download&id=11-pS4effdzG5N418TjxsKa5Gm0mohCnn,https://drive.google.com/thumbnail?id=11-pS4effdzG5N418TjxsKa5Gm0mohCnn&sz=w1200
IMG_2299.JPG,2299,1FDRdj3In12TMzl4uqnkb9YQAmjbBRO5O,6010034,5.73,2024-09-29T07:13:38Z,2024-09-29 02:13:38,B,2024-09-28,Saturday night,https://drive.google.com/file/d/1FDRdj3In12TMzl4uqnkb9YQAmjbBRO5O/view,https://drive.google.com/uc?export=download&id=1FDRdj3In12TMzl4uqnkb9YQAmjbBRO5O,https://drive.google.com/thumbnail?id=1FDRdj3In12TMzl4uqnkb9YQAmjbBRO5O&sz=w1200
IMG_2300.JPG,2300,1dlZu8MWYy4Sm2sWEx4_TJWnK1tv6-EhW,5684970,5.42,2024-09-29T07:13:43Z,2024-09-29 02:13:43,B,2024-09-28,Saturday night,https://drive.google.com/file/d/1dlZu8MWYy4Sm2sWEx4_TJWnK1tv6-EhW/view,https://drive.google.com/uc?export=download&id=1dlZu8MWYy4Sm2sWEx4_TJWnK1tv6-EhW,https://drive.google.com/thumbnail?id=1dlZu8MWYy4Sm2sWEx4_TJWnK1tv6-EhW&sz=w1200
IMG_2301.JPG,2301,1VztWTKH5hwuGpjf-DTEgSFbiAtbw8-LI,6000083,5.72,2024-09-29T07:13:46Z,2024-09-29 02:13:46,B,2024-09-28,Saturday night,https://drive.google.com/file/d/1VztWTKH5hwuGpjf-DTEgSFbiAtbw8-LI/view,https://drive.google.com/uc?export=download&id=1VztWTKH5hwuGpjf-DTEgSFbiAtbw8-LI,https://drive.google.com/thumbnail?id=1VztWTKH5hwuGpjf-DTEgSFbiAtbw8-LI&sz=w1200
